Trip_ID,Date,Cleaned_Date,Pickup_Location,Dropoff_Location,Driver_ID,Passenger_ID,Distance_km,Duration_min,Fare_amount,Clean_Fare,Payment_Method,Rating,Satisfaction_Rating
T1000,01-13-2023,2023-01-13,Kano,"Victoria Island",D22,P33,22.39,141,13785.75,13785.8,Cash,3,Neutral
T1001,2023-04-25,2023-04-25,Abuja,V.I,D135,P406,53.49,28,12534.59,12534.6,Transfer,4.0,Satisfied
T1002,12-13-2023,2023-12-13,Abuja,Garkii,D182,P277,46.05,90,12905.84,12905.8,Cash,5.0,"Very Satisfied"
T1003,02-14-2023,2023-02-14,Lagos,Ikeja,D99,P330,42.88,169,16461.73,16461.7,Card,3,Neutral
T1004,2023-01-16,2023-01-16,"Port Harcourt",Garkii,D187,P158,121.26,101,3830.12,3830.12,Cash,4.0,Satisfied
T1005,09-16-2023,2023-09-16,Abuja,Ikeja,D131,P256,41.96,172,11160.28,11160.3,Cash,3.0,Neutral
T1006,,2025-08-26,Kano,Garkii,D157,P274,19.14,90,6155.71,6155.71,Cash,3,Neutral
T1007,11-29-2023,2023-11-29,Lagos,Maitama,D41,P495,58.89,90,19202.28,19202.3,Transfer,5.0,"Very Satisfied"
T1008,23/04/2023,2023-04-23,Kano,Leky,D97,P428,46.02,90,13520.14,13520.1,Card,4.0,Satisfied
T1009,2023-01-04,2023-01-04,Abuja,Ikeja,D141,P416,2.11,90,14104.23,14104.2,Transfer,4.0,Satisfied
T1010,24/06/2023,2023-06-24,Lagos,Garkii,D98,P231,26.44,90,8629.48,8629.48,Transfer,3,Neutral
T1011,2023-06-22,2023-06-22,Abuja,Maitama,D12,P495,2.93,34,1045.43,1045.43,Cash,2.0,Unsatisfied
T1012,19/02/2023,2023-02-19,Abuja,Garkii,D197,P9,36,37,11502.08,11502.1,Cash,3,Neutral
T1014,08-24-2023,2023-08-24,"Port Harcourt",Maitama,D86,P174,41.76,90,13315.23,13315.2,Transfer,5.0,"Very Satisfied"
T1015,2023-07-13,2023-07-13,Kano,VI,D145,P29,47.16,90,18208.11,18208.1,Card,3.0,Neutral
T1016,11-18-2023,2023-11-18,Lagos,V.I,D169,P173,13.12,104,3216.42,3216.42,Transfer,3.0,Neutral
T1017,07-05-2023,2023-07-05,Kano,Ajah,D39,P404,11.9,86,9437.83,9437.83,Transfer,3,Neutral
T1019,2023-05-29,2023-05-29,Lagos,Garki,D38,P22,56.57,90,10312.51,10312.5,Transfer,4.0,Satisfied
T1020,21/02/2023,2023-02-21,Ibadan,Leky,D46,P208,21.52,32,14271.38,14271.4,Card,2.0,Unsatisfied
T1021,22/11/2023,2023-11-22,Abuja,VI,D197,P61,30.54,7,1723.93,1723.93,Card,4.0,Satisfied
T1022,2023-07-01,2023-07-01,"Port Harcourt",VI,D183,P109,15.27,90,7361.41,7361.41,Cash,5.0,"Very Satisfied"
T1023,12-26-2023,2023-12-26,Lagos,Ajah,D14,P414,6.85,90,7116.18,7116.18,Cash,3.0,Neutral
T1024,11-08-2023,2023-11-08,Kano,Lekki,D108,P335,1.83,132,15840.59,15840.6,"Not Specified",2.0,Unsatisfied
T1025,2023-05-06,2023-05-06,Lagos,VI,D79,P342,12.3,42,15370.85,15370.8,Cash,2.0,Unsatisfied
T1026,05-19-2023,2023-05-19,"Port Harcourt",Ikeja,D80,P268,54.2,90,8181.61,8181.61,Card,3.0,Neutral
T1027,04-23-2023,2023-04-23,"Port Harcourt",Maitama,D187,P235,58.44,158,13080.11,13080.1,Card,3,Neutral
T1029,11/06/2023,2023-11-06,Abuja,V.I,D115,P348,29.01,75,11732.76,11732.8,"Not Specified",2.0,Unsatisfied
T1030,04-19-2023,2023-04-19,Lagos,Garki,D74,P446,11.92,90,15620.26,15620.3,Card,4.0,Satisfied
T1031,2023-06-11,2023-06-11,"Port Harcourt",Garki,D161,P448,7.33,131,3023.73,3023.73,"Not Specified",3.0,Neutral
T1032,07-22-2023,2023-07-22,Kano,Leky,D47,P275,58.9,90,19126.29,19126.3,"Not Specified",2.0,Unsatisfied
T1033,2023-05-16,2023-05-16,"Port Harcourt",V.I,D31,P77,31.34,90,12540.76,12540.8,Card,3.0,Neutral
T1034,10-15-2023,2023-10-15,"Port Harcourt",Leky,D34,P380,45.92,90,1376.12,1376.12,Cash,3,Neutral
T1035,27/10/2023,2023-10-27,"Port Harcourt",Garkii,D52,P297,28.49,90,3604,3604,"Not Specified",1.0,"Very Unsatisfied"
T1037,03-12-2023,2023-03-12,"Port Harcourt",Lekki,D160,P474,18.01,90,15318.23,15318.2,Transfer,3.0,Neutral
T1038,2023-01-25,2023-01-25,Abuja,Maitama,D196,P37,5.85,10,16266.83,16266.8,Cash,2.0,Unsatisfied
T1039,03-23-2023,2023-03-23,Kano,Garki,D65,P19,23.7,91,5114.04,5114.04,Cash,1.0,"Very Unsatisfied"
T1040,02/02/2023,2023-02-02,"Port Harcourt",Maitama,D4,P377,44.43,178,3892.96,3892.96,Card,4.0,Satisfied
T1041,08-28-2023,2023-08-28,Abuja,Ikeja,D118,P73,50.62,94,15238.37,15238.4,Card,4.0,Satisfied
T1042,2023-10-11,2023-10-11,"Not Specified",V.I,D128,P251,25.03,90,1755.21,1755.21,Card,3,Neutral
T1043,02-28-2023,2023-02-28,Ibadan,Leky,D128,P335,26.25,140,2732.24,2732.24,"Not Specified",5.0,"Very Satisfied"
T1044,05-17-2023,2023-05-17,Abuja,Ikeja,D140,P10,53.79,90,1921.19,1921.19,Transfer,2.0,Unsatisfied
T1045,31/05/2023,2023-05-31,"Port Harcourt",Garkii,D2,P242,56.41,145,12327.4,12327.4,Cash,4.0,Satisfied
T1046,01-02-2023,2023-01-02,Lagos,"Victoria Island",D156,P465,1.75,90,18509.24,18509.2,Card,2.0,Unsatisfied
T1047,05-15-2023,2023-05-15,Abuja,VI,D127,P471,40.65,90,14125.15,14125.2,Transfer,3,Neutral
T1048,2023-09-17,2023-09-17,"Port Harcourt",Leky,D61,P317,31.84,82,19782.98,19783,Card,3.0,Neutral
T1049,06-02-2023,2023-06-02,Lagos,Leky,D56,P24,8.03,90,4394.82,4394.82,Cash,2.0,Unsatisfied
T1050,2023-04-12,2023-04-12,Kano,Garki,D151,P125,42.01,90,9031.54,9031.54,Cash,4.0,Satisfied
T1051,03-24-2023,2023-03-24,Abuja,Ajah,D169,P360,44.74,118,4423.26,4423.26,Transfer,4.0,Satisfied
T1052,2023-09-29,2023-09-29,"Port Harcourt",Maitama,D122,P333,10.95,90,16369.84,16369.8,Transfer,4.0,Satisfied
T1053,2023-09-08,2023-09-08,Ibadan,"Victoria Island",D117,P67,12.75,90,4249.77,4249.77,Card,4.0,Satisfied
T1054,05/07/2023,2023-05-07,Kano,Garki,D105,P8,50.8,90,12767.76,12767.8,Transfer,3,Neutral
T1055,05-04-2023,2023-05-04,"Port Harcourt",VI,D114,P89,14.74,90,4469.02,4469.02,Card,4.0,Satisfied
T1056,02-13-2023,2023-02-13,Kano,Garki,D21,P324,30.45,90,17919.17,17919.2,Card,4.0,Satisfied
T1057,02-05-2023,2023-02-05,"Port Harcourt",Garki,D154,P26,46.19,101,8456.53,8456.53,Cash,4.0,Satisfied
T1058,03-07-2023,2023-03-07,"Port Harcourt",Garki,D154,P464,45.62,90,1903.32,1903.32,Card,4.0,Satisfied
T1059,2023-10-09,2023-10-09,Abuja,Maitama,D2,P158,56.65,90,14734.55,14734.5,Transfer,3.0,Neutral
T1060,07/11/2023,2023-07-11,Kano,Garki,D63,P421,40.33,96,13023.53,13023.5,Transfer,3.0,Neutral
T1061,10-04-2023,2023-10-04,"Port Harcourt",Garki,D141,P407,59.26,90,16731.86,16731.9,"Not Specified",3.0,Neutral
T1062,09/06/2023,2023-09-06,"Port Harcourt",Garki,D72,P50,9.7,35,9737.79,9737.79,Transfer,3,Neutral
T1063,29/11/2023,2023-11-29,"Port Harcourt",Garki,D159,P234,8.21,156,12560.34,12560.3,Cash,4.0,Satisfied
T1064,22/09/2023,2023-09-22,"Port Harcourt",Ajah,D161,P313,14.62,43,3188.53,3188.53,Transfer,2.0,Unsatisfied
T1066,10-29-2023,2023-10-29,"Port Harcourt","Victoria Island",D54,P428,49.99,90,11598.47,11598.5,Card,5.0,"Very Satisfied"
T1067,2023-04-23,2023-04-23,Lagos,Ikeja,D13,P303,2.58,106,10586.31,10586.3,Transfer,2.0,Unsatisfied
T1068,2023-11-20,2023-11-20,"Port Harcourt",Ikeja,D48,P33,36.67,90,10224.89,10224.9,Card,2.0,Unsatisfied
T1069,17/01/2023,2023-01-17,Abuja,Ikeja,D38,P419,18.86,172,26797.17,26797.2,Cash,2.0,Unsatisfied
T1070,02/05/2023,2023-02-05,"Port Harcourt",VI,D15,P419,45.85,90,18842.04,18842,"Not Specified",3,Neutral
T1071,04-20-2023,2023-04-20,Abuja,Ajah,D168,P55,31.68,123,5401.95,5401.95,Transfer,2.0,Unsatisfied
T1072,10-20-2023,2023-10-20,Abuja,Lekki,D90,P59,28.5,75,1825.08,1825.08,Card,5.0,"Very Satisfied"
T1073,31/08/2023,2023-08-31,"Port Harcourt",Garkii,D10,P255,30.38,90,19378.24,19378.2,Cash,2.0,Unsatisfied
T1075,05/08/2023,2023-05-08,Kano,VI,D9,P410,32.89,90,10250.92,10250.9,Transfer,3,Neutral
T1077,2023-11-27,2023-11-27,Ibadan,Ajah,D148,P113,8.03,10,2662.05,2662.05,Transfer,3.0,Neutral
T1078,2023-06-23,2023-06-23,"Port Harcourt",Leky,D155,P33,51.32,90,18389.13,18389.1,"Not Specified",4.0,Satisfied
T1079,04-08-2023,2023-04-08,"Port Harcourt",VI,D77,P412,3.12,90,1084.57,1084.57,Cash,5.0,"Very Satisfied"
T1080,2023-08-05,2023-08-05,Abuja,Ajah,D85,P104,39.91,103,5587.18,5587.18,Card,4.0,Satisfied
T1081,2023-05-08,2023-05-08,Ibadan,Maitama,D23,P219,53.2,170,15412.35,15412.3,Transfer,3.0,Neutral
T1082,2023-10-09,2023-10-09,Lagos,VI,D13,P173,26.41,90,11168.2,11168.2,Card,3,Neutral
T1083,2023-10-04,2023-10-04,Lagos,"Victoria Island",D28,P416,23.96,30,18521.4,18521.4,Cash,3.0,Neutral
T1084,2023-05-02,2023-05-02,"Port Harcourt",Garkii,D107,P428,34.56,90,17626.27,17626.3,Card,2.0,Unsatisfied
T1085,2023-09-04,2023-09-04,Abuja,Maitama,D46,P378,33.67,90,1921.78,1921.78,Cash,4.0,Satisfied
T1086,2023-01-31,2023-01-31,Kano,V.I,D42,P348,28.72,105,18134.32,18134.3,"Not Specified",2.0,Unsatisfied
T1087,19/07/2023,2023-07-19,Lagos,Garki,D173,P206,10.22,90,15428.7,15428.7,Transfer,4.0,Satisfied
T1089,10-12-2023,2023-10-12,Abuja,"Victoria Island",D157,P62,37.4,90,12442.44,12442.4,Transfer,5.0,"Very Satisfied"
T1090,2023-03-21,2023-03-21,Abuja,Lekki,D170,P500,58.69,6,27346.98,27347,Cash,3,Neutral
T1091,01-30-2023,2023-01-30,Kano,Garkii,D178,P351,2.66,90,1313.95,1313.95,Cash,4.0,Satisfied
T1093,01-26-2023,2023-01-26,Kano,VI,D153,P280,35.45,90,9813.06,9813.06,Transfer,5.0,"Very Satisfied"
T1094,2023-09-29,2023-09-29,"Port Harcourt",Garkii,D147,P71,37.88,90,17590.77,17590.8,Cash,4.0,Satisfied
T1095,2023-09-18,2023-09-18,Kano,Lekki,D144,P165,26.26,27,18659.31,18659.3,Transfer,1.0,"Very Unsatisfied"
T1096,02-05-2023,2023-02-05,Lagos,Garkii,D46,P429,25.3,90,38982.04,38982,Cash,2.0,Unsatisfied
T1097,01/05/2023,2023-01-05,"Port Harcourt",Leky,D117,P494,32.86,36,17275.74,17275.7,Cash,2.0,Unsatisfied
T1098,2023-10-19,2023-10-19,"Port Harcourt",V.I,D192,P407,35.96,90,14889.51,14889.5,Card,3.0,Neutral
T1099,01-21-2023,2023-01-21,Ibadan,"Victoria Island",D149,P110,4.86,90,1516.74,1516.74,Card,5.0,"Very Satisfied"
T1100,12-03-2023,2023-12-03,Ibadan,VI,D93,P392,20.92,68,14061.09,14061.1,Transfer,2.0,Unsatisfied
T1102,2023-06-10,2023-06-10,Abuja,Garkii,D24,P304,25.93,173,9040.08,9040.08,"Not Specified",4.0,Satisfied
T1103,03-09-2023,2023-03-09,Abuja,VI,D197,P89,25.85,40,19659.42,19659.4,"Not Specified",5.0,"Very Satisfied"
T1104,23/08/2023,2023-08-23,Ibadan,Leky,D77,P172,67.8,85,4276.09,4276.09,Cash,4.0,Satisfied
T1105,2023-02-07,2023-02-07,"Port Harcourt",Lekki,D83,P33,23.29,90,1629.49,1629.49,"Not Specified",2.0,Unsatisfied
T1106,2023-10-16,2023-10-16,"Port Harcourt",Lekki,D95,P62,34.78,90,11978.04,11978,Transfer,4.0,Satisfied
T1107,04-20-2023,2023-04-20,Lagos,Garki,D98,P141,6.9,90,15075.78,15075.8,Card,1.0,"Very Unsatisfied"
T1108,2023-06-28,2023-06-28,Abuja,V.I,D18,P73,20.82,90,15967.03,15967,Card,3,Neutral
T1109,09/07/2023,2023-09-07,Kano,Ajah,D195,P388,46.13,90,19823.31,19823.3,Cash,2.0,Unsatisfied
T1110,10-06-2023,2023-10-06,Abuja,Ikeja,D110,P213,37.27,90,35851.26,35851.3,Cash,4.0,Satisfied
T1111,12-01-2023,2023-12-01,Abuja,Leky,D141,P87,26.72,156,5899.15,5899.15,Transfer,5.0,"Very Satisfied"
T1112,,2025-08-26,Abuja,Leky,D17,P357,50.99,90,6625.45,6625.45,Card,3,Neutral
T1113,06-03-2023,2023-06-03,Ibadan,Ajah,D75,P190,50.58,164,17863.28,17863.3,Card,2.0,Unsatisfied
T1114,10/03/2023,2023-10-03,Lagos,Maitama,D121,P284,17.95,24,3029.47,3029.47,"Not Specified",3.0,Neutral
T1116,20/05/2023,2023-05-20,Lagos,Garkii,D32,P225,37.85,90,1989.37,1989.37,Card,3,Neutral
T1117,2023-06-25,2023-06-25,Abuja,Maitama,D178,P125,43.34,107,4514.29,4514.29,"Not Specified",5.0,"Very Satisfied"
T1118,05-16-2023,2023-05-16,"Port Harcourt",Garki,D71,P474,35.92,26,16361.78,16361.8,"Not Specified",2.0,Unsatisfied
T1119,2023-01-27,2023-01-27,Lagos,Maitama,D85,P298,34.42,178,17245.82,17245.8,Transfer,3,Neutral
T1120,2023-05-22,2023-05-22,"Port Harcourt",VI,D135,P21,26.2,90,6403.02,6403.02,Cash,4.0,Satisfied
T1121,,2025-08-26,Abuja,Ajah,D106,P69,5.52,23,11252.41,11252.4,"Not Specified",5.0,"Very Satisfied"
T1122,23/11/2023,2023-11-23,"Port Harcourt",Leky,D135,P52,30.77,90,5262.01,5262.01,Transfer,2.0,Unsatisfied
T1123,08-15-2023,2023-08-15,Ibadan,Leky,D54,P406,40.14,90,6717.75,6717.75,Cash,2.0,Unsatisfied
T1124,2023-10-15,2023-10-15,Kano,"Victoria Island",D179,P434,25.44,90,2535.37,2535.37,Cash,4.0,Satisfied
T1125,2023-12-20,2023-12-20,"Port Harcourt",VI,D54,P324,31.41,85,8511.26,8511.26,Cash,3.0,Neutral
T1126,07-09-2023,2023-07-09,Lagos,V.I,D157,P314,33.31,90,9981.05,9981.05,Transfer,4.0,Satisfied
T1128,,2025-08-26,"Not Specified",V.I,D28,P399,12.01,24,14967.22,14967.2,"Not Specified",3,Neutral
T1129,21/01/2023,2023-01-21,"Port Harcourt",Leky,D147,P81,39.99,90,7761.6,7761.6,"Not Specified",2.0,Unsatisfied
T1130,05-08-2023,2023-05-08,Lagos,Leky,D187,P9,56.35,180,3268.24,3268.24,Transfer,4.0,Satisfied
T1131,14/10/2023,2023-10-14,Abuja,V.I,D162,P451,38.64,21,14117.67,14117.7,"Not Specified",3.0,Neutral
T1132,2023-03-21,2023-03-21,"Port Harcourt",Maitama,D136,P250,51.31,90,9348.38,9348.38,Transfer,5.0,"Very Satisfied"
T1133,01/04/2023,2023-01-04,Ibadan,VI,D23,P42,56.14,97,10228.7,10228.7,Transfer,5.0,"Very Satisfied"
T1135,20/06/2023,2023-06-20,Lagos,Ajah,D186,P4,28.29,62,19319.38,19319.4,Transfer,3,Neutral
T1137,2023-12-26,2023-12-26,"Port Harcourt",Ajah,D155,P475,50.8,90,17324.07,17324.1,Card,1.0,"Very Unsatisfied"
T1138,20/01/2023,2023-01-20,Ibadan,Garki,D181,P46,51.75,90,1366.1,1366.1,Transfer,3,Neutral
T1139,24/08/2023,2023-08-24,Kano,Ikeja,D74,P362,38.4,90,4096.32,4096.32,Cash,1.0,"Very Unsatisfied"
T1140,2023-04-27,2023-04-27,Abuja,Maitama,D110,P334,16.75,139,1519.06,1519.06,Transfer,1.0,"Very Unsatisfied"
T1141,,2025-08-26,Lagos,Garki,D156,P304,10.47,155,11060.21,11060.2,"Not Specified",1.0,"Very Unsatisfied"
T1142,18/06/2023,2023-06-18,Abuja,Garkii,D82,P455,14.93,29,1006.85,1006.85,Transfer,1.0,"Very Unsatisfied"
T1143,23/05/2023,2023-05-23,Kano,V.I,D67,P146,9.85,151,17916.8,17916.8,Transfer,1.0,"Very Unsatisfied"
T1145,02/10/2023,2023-02-10,"Not Specified",Garki,D148,P356,34.03,90,12023.69,12023.7,Cash,3.0,Neutral
T1146,01/03/2023,2023-01-03,Abuja,"Victoria Island",D160,P414,39.17,90,7148.42,7148.42,Cash,1.0,"Very Unsatisfied"
T1147,2023-05-16,2023-05-16,Abuja,"Victoria Island",D91,P406,19.7,86,8964.48,8964.48,Transfer,3.0,Neutral
T1149,10/06/2023,2023-10-06,Abuja,Lekki,D158,P244,11.38,178,1613.81,1613.81,Cash,2.0,Unsatisfied
T1150,2023-09-19,2023-09-19,Abuja,"Victoria Island",D145,P355,57.86,90,8068.16,8068.16,Card,3,Neutral
T1151,2023-10-23,2023-10-23,Lagos,V.I,D128,P65,2.17,90,13720.41,13720.4,Card,2.0,Unsatisfied
T1152,29/12/2023,2023-12-29,"Port Harcourt",VI,D134,P106,5.95,90,18790.53,18790.5,Cash,2.0,Unsatisfied
T1153,,2025-08-26,"Port Harcourt","Victoria Island",D187,P74,52.16,90,11665.75,11665.8,Card,3.0,Neutral
T1154,10-03-2023,2023-10-03,"Port Harcourt",Garkii,D162,P328,25.01,41,10618.8,10618.8,Card,1.0,"Very Unsatisfied"
T1155,2023-12-10,2023-12-10,Kano,Garkii,D128,P139,39.79,150,7935.18,7935.18,Cash,3.0,Neutral
T1157,16/11/2023,2023-11-16,"Port Harcourt",VI,D47,P231,14.93,68,796.08,796.08,Transfer,3.0,Neutral
T1158,03-05-2023,2023-03-05,Kano,Maitama,D157,P211,30.51,90,19043.86,19043.9,Cash,5.0,"Very Satisfied"
T1160,17/06/2023,2023-06-17,Kano,Garkii,D182,P481,46.73,124,11636.11,11636.1,"Not Specified",4.0,Satisfied
T1163,03-31-2023,2023-03-31,Abuja,V.I,D1,P355,35.48,90,12355.98,12356,Card,2.0,Unsatisfied
T1164,07-27-2023,2023-07-27,Abuja,Ikeja,D31,P20,45.15,83,11584.6,11584.6,Card,3.0,Neutral
T1165,05/06/2023,2023-05-06,Abuja,"Victoria Island",D7,P306,25.95,90,5658.09,5658.09,"Not Specified",3.0,Neutral
T1166,10-24-2023,2023-10-24,"Port Harcourt",Lekki,D120,P93,11.33,90,9523.12,9523.12,Card,1.0,"Very Unsatisfied"
T1167,27/08/2023,2023-08-27,Abuja,Garki,D161,P368,26.93,90,9595.57,9595.57,Cash,5.0,"Very Satisfied"
T1168,04-20-2023,2023-04-20,Kano,Maitama,D31,P256,35.78,90,9864.05,9864.05,Card,2.0,Unsatisfied
T1169,03-28-2023,2023-03-28,Kano,VI,D189,P314,23.11,90,4747.93,4747.93,Card,2.0,Unsatisfied
T1171,2023-06-21,2023-06-21,Ibadan,VI,D158,P46,41.28,146,11253.23,11253.2,Transfer,4.0,Satisfied
T1172,05-01-2023,2023-05-01,Kano,Leky,D107,P322,52.89,7,9088.57,9088.57,Cash,1.0,"Very Unsatisfied"
T1173,2023-04-12,2023-04-12,Abuja,Maitama,D106,P424,22.42,90,15841.35,15841.3,Cash,5.0,"Very Satisfied"
T1174,,2025-08-26,Lagos,Leky,D12,P401,49.46,127,10151.11,10151.1,Card,5.0,"Very Satisfied"
T1176,07/02/2023,2023-07-02,Abuja,Garkii,D90,P179,109.61,90,13291.57,13291.6,Card,2.0,Unsatisfied
T1177,11-19-2023,2023-11-19,Kano,Garkii,D144,P215,47.54,90,13264.72,13264.7,"Not Specified",5.0,"Very Satisfied"
T1178,23/12/2023,2023-12-23,Lagos,Maitama,D164,P3,33.61,6,10381.02,10381,"Not Specified",5.0,"Very Satisfied"
T1179,2023-05-05,2023-05-05,Lagos,Leky,D55,P286,57.55,141,6688.02,6688.02,Transfer,3,Neutral
T1180,2023-01-03,2023-01-03,Kano,Lekki,D3,P121,48.92,90,4945.07,4945.07,Cash,4.0,Satisfied
T1181,2023-04-23,2023-04-23,"Port Harcourt",V.I,D164,P99,52.15,160,19843.44,19843.4,Card,3,Neutral
T1182,12-23-2023,2023-12-23,"Port Harcourt",Ikeja,D52,P61,23.92,90,814.3,814.3,Cash,3.0,Neutral
T1183,2023-10-13,2023-10-13,Abuja,Leky,D177,P272,24.19,90,17063.44,17063.4,Cash,3,Neutral
T1184,04/03/2023,2023-04-03,"Not Specified",Ajah,D73,P49,16.08,90,1372.29,1372.29,"Not Specified",2.0,Unsatisfied
T1185,08-26-2023,2023-08-26,Ibadan,Garki,D66,P317,122.52,136,2628.69,2628.69,Card,1.0,"Very Unsatisfied"
T1186,10-14-2023,2023-10-14,Lagos,Ajah,D18,P186,51.71,18,2707.06,2707.06,Transfer,3,Neutral
T1188,16/09/2023,2023-09-16,"Port Harcourt",Garkii,D77,P390,48.92,48,16542.51,16542.5,Transfer,4.0,Satisfied
T1189,08/10/2023,2023-08-10,Abuja,"Victoria Island",D130,P277,47.57,33,13016.8,13016.8,Transfer,1.0,"Very Unsatisfied"
T1190,01/09/2023,2023-01-09,Abuja,Maitama,D141,P260,5.73,90,3290.05,3290.05,Card,1.0,"Very Unsatisfied"
T1191,05-07-2023,2023-05-07,"Port Harcourt",Leky,D83,P113,30.01,90,15869.21,15869.2,Cash,2.0,Unsatisfied
T1192,24/09/2023,2023-09-24,Ibadan,Leky,D197,P238,55.66,79,8458.68,8458.68,"Not Specified",4.0,Satisfied
T1193,21/05/2023,2023-05-21,Abuja,Garkii,D2,P395,25.92,128,9678.36,9678.36,Cash,4.0,Satisfied
T1194,2023-05-27,2023-05-27,Kano,VI,D30,P321,6.92,90,12627.37,12627.4,Transfer,4.0,Satisfied
T1195,06-13-2023,2023-06-13,"Port Harcourt",VI,D176,P338,16.4,5,1369.91,1369.91,Transfer,4.0,Satisfied
T1198,01/08/2023,2023-01-08,Abuja,Ajah,D102,P28,2.61,123,15727.04,15727,Transfer,5.0,"Very Satisfied"
T1200,04/08/2023,2023-04-08,Abuja,VI,D146,P58,38.82,6,4689.94,4689.94,Cash,3.0,Neutral
T1202,,2025-08-26,Kano,"Victoria Island",D8,P77,5.85,90,7931.25,7931.25,Cash,5.0,"Very Satisfied"
T1203,22/10/2023,2023-10-22,"Port Harcourt",Leky,D45,P351,31.47,6,2029.68,2029.68,Card,5.0,"Very Satisfied"
T1204,30/06/2023,2023-06-30,"Port Harcourt",V.I,D50,P433,50.01,52,46743.65,46743.6,"Not Specified",2.0,Unsatisfied
T1205,08-03-2023,2023-08-03,"Port Harcourt",Ajah,D85,P496,50.97,90,19957.35,19957.3,Card,4.0,Satisfied
T1206,10-07-2023,2023-10-07,Lagos,Ajah,D87,P467,47.77,30,14812.05,14812,Cash,1.0,"Very Unsatisfied"
T1207,2023-09-07,2023-09-07,Ibadan,V.I,D173,P243,29.22,90,2864.23,2864.23,Cash,4.0,Satisfied
T1208,2023-09-06,2023-09-06,"Port Harcourt",Ikeja,D123,P255,16.38,90,16065.01,16065,"Not Specified",3,Neutral
T1209,12-09-2023,2023-12-09,Ibadan,Ikeja,D122,P91,49.78,90,13354.36,13354.4,"Not Specified",5.0,"Very Satisfied"
T1210,26/03/2023,2023-03-26,Abuja,"Victoria Island",D10,P82,12.72,90,6680.32,6680.32,Transfer,3.0,Neutral
T1211,11-15-2023,2023-11-15,Lagos,Leky,D166,P344,11.73,44,11717.25,11717.2,Transfer,3.0,Neutral
T1212,,2025-08-26,Abuja,Garki,D35,P473,56.74,62,6909.35,6909.35,"Not Specified",1.0,"Very Unsatisfied"
T1213,10-16-2023,2023-10-16,Abuja,Leky,D124,P23,14.24,106,19560.76,19560.8,Cash,3.0,Neutral
T1214,,2025-08-26,Kano,Leky,D40,P28,55.46,81,6638.92,6638.92,Transfer,1.0,"Very Unsatisfied"
T1215,11/03/2023,2023-11-03,"Port Harcourt",Maitama,D161,P331,37.97,90,14014.93,14014.9,Cash,2.0,Unsatisfied
T1216,14/05/2023,2023-05-14,Lagos,Maitama,D118,P187,58.47,142,19173.37,19173.4,Card,2.0,Unsatisfied
T1217,21/08/2023,2023-08-21,Kano,Ajah,D138,P146,42.37,32,2053.96,2053.96,Card,5.0,"Very Satisfied"
T1218,14/07/2023,2023-07-14,"Port Harcourt",V.I,D86,P108,24.66,173,1990.65,1990.65,Card,3.0,Neutral
T1219,04/08/2023,2023-04-08,Abuja,Maitama,D119,P223,16.35,90,9941.01,9941.01,Cash,3,Neutral
T1221,27/01/2023,2023-01-27,"Port Harcourt",Leky,D191,P172,43.4,6,16642.51,16642.5,Transfer,2.0,Unsatisfied
T1222,02-05-2023,2023-02-05,"Not Specified",Ajah,D15,P316,55.28,90,18551.48,18551.5,Cash,1.0,"Very Unsatisfied"
T1223,,2025-08-26,Lagos,Garkii,D134,P413,40.74,53,18230.68,18230.7,Transfer,3,Neutral
T1224,,2025-08-26,"Port Harcourt",VI,D77,P456,43.1,90,13485.1,13485.1,Cash,2.0,Unsatisfied
T1225,01-11-2023,2023-01-11,"Port Harcourt",V.I,D145,P389,51.85,106,16019.19,16019.2,"Not Specified",3,Neutral
T1226,06/03/2023,2023-06-03,Lagos,"Victoria Island",D186,P233,17.99,90,2800.3,2800.3,Cash,3.0,Neutral
T1227,2023-10-16,2023-10-16,Abuja,"Victoria Island",D174,P23,8.68,90,10348.01,10348,Transfer,3.0,Neutral
T1228,12/05/2023,2023-12-05,Kano,Lekki,D81,P54,36.4,127,10136.9,10136.9,Cash,3,Neutral
T1229,11-07-2023,2023-11-07,Lagos,"Victoria Island",D143,P380,17.7,35,4363.03,4363.03,"Not Specified",1.0,"Very Unsatisfied"
T1230,25/03/2023,2023-03-25,Abuja,Garki,D138,P27,25.68,130,9354.35,9354.35,Transfer,3.0,Neutral
T1231,14/01/2023,2023-01-14,Abuja,Maitama,D5,P474,9.61,90,8663.2,8663.2,Transfer,5.0,"Very Satisfied"
T1232,12/07/2023,2023-12-07,Lagos,Ikeja,D54,P276,16.45,88,14371.95,14372,"Not Specified",4.0,Satisfied
T1233,2023-04-12,2023-04-12,"Port Harcourt",Garki,D148,P91,54.53,133,2469.41,2469.41,Transfer,1.0,"Very Unsatisfied"
T1234,2023-11-18,2023-11-18,Abuja,"Victoria Island",D176,P81,41.37,90,16760.24,16760.2,Transfer,5.0,"Very Satisfied"
T1235,06-04-2023,2023-06-04,"Port Harcourt",V.I,D85,P403,1.61,90,7930.25,7930.25,Transfer,5.0,"Very Satisfied"
T1236,03-03-2023,2023-03-03,Ibadan,Ikeja,D91,P15,20.07,90,17404.16,17404.2,Card,4.0,Satisfied
T1237,06-27-2023,2023-06-27,"Port Harcourt",Ikeja,D17,P249,41.52,90,18133.08,18133.1,Transfer,2.0,Unsatisfied
T1238,2023-07-09,2023-07-09,Lagos,Ikeja,D39,P264,42.8,90,8345.19,8345.19,Cash,3.0,Neutral
T1239,2023-06-24,2023-06-24,Kano,VI,D72,P60,16.12,18,14383.68,14383.7,"Not Specified",3.0,Neutral
T1241,07-05-2023,2023-07-05,Lagos,Lekki,D87,P459,28.79,116,12033.82,12033.8,Transfer,5.0,"Very Satisfied"
T1242,08-24-2023,2023-08-24,"Port Harcourt",Lekki,D97,P121,36.78,79,19885.62,19885.6,Cash,3.0,Neutral
T1244,30/11/2023,2023-11-30,"Port Harcourt",Garkii,D137,P228,48.78,90,18258.15,18258.2,Transfer,1.0,"Very Unsatisfied"
T1246,31/10/2023,2023-10-31,Abuja,Ikeja,D147,P297,24.29,90,15274.37,15274.4,"Not Specified",3.0,Neutral
T1247,2023-05-06,2023-05-06,"Port Harcourt",Maitama,D156,P167,58.12,68,14802.14,14802.1,"Not Specified",2.0,Unsatisfied
T1248,2023-08-19,2023-08-19,Lagos,Ajah,D100,P215,35.25,34,11996.38,11996.4,Card,1.0,"Very Unsatisfied"
T1249,10-19-2023,2023-10-19,Lagos,"Victoria Island",D48,P102,30.72,68,10432.79,10432.8,Card,3,Neutral
T1250,2023-06-22,2023-06-22,Abuja,Ikeja,D153,P383,52.8,55,651.78,651.78,Card,2.0,Unsatisfied
T1251,2023-06-16,2023-06-16,Ibadan,V.I,D30,P347,19.72,90,13641.19,13641.2,"Not Specified",3,Neutral
T1252,01/07/2023,2023-01-07,"Port Harcourt",Maitama,D193,P460,9.37,90,6748.52,6748.52,"Not Specified",3.0,Neutral
T1253,11-02-2023,2023-11-02,Abuja,Garki,D79,P167,3.61,90,14589.4,14589.4,Card,3.0,Neutral
T1254,2023-10-12,2023-10-12,Lagos,Garki,D181,P118,52.43,38,15573.62,15573.6,Transfer,4.0,Satisfied
T1255,2023-04-08,2023-04-08,"Port Harcourt",Maitama,D81,P399,45.12,14,10119.22,10119.2,Transfer,4.0,Satisfied
T1257,05-04-2023,2023-05-04,Kano,"Victoria Island",D9,P167,37.16,90,16959.28,16959.3,Cash,1.0,"Very Unsatisfied"
T1258,31/12/2023,2023-12-31,"Port Harcourt","Victoria Island",D70,P117,16.56,90,6794.6,6794.6,"Not Specified",3.0,Neutral
T1259,2023-01-09,2023-01-09,Lagos,Garkii,D106,P51,53.67,90,3979.11,3979.11,Transfer,3,Neutral
T1260,07-27-2023,2023-07-27,Abuja,"Victoria Island",D23,P122,59.68,102,16372.75,16372.8,"Not Specified",3,Neutral
T1261,12-06-2023,2023-12-06,"Port Harcourt",Lekki,D128,P378,9.92,139,19789.5,19789.5,"Not Specified",4.0,Satisfied
T1262,10-11-2023,2023-10-11,Abuja,Lekki,D61,P212,39.79,90,10623.13,10623.1,Card,3,Neutral
T1263,09/10/2023,2023-09-10,Kano,Leky,D96,P446,4.14,61,12501.81,12501.8,"Not Specified",1.0,"Very Unsatisfied"
T1264,21/08/2023,2023-08-21,"Port Harcourt",Leky,D116,P103,14.56,114,13881.94,13881.9,Cash,3.0,Neutral
T1266,2023-06-11,2023-06-11,Abuja,VI,D56,P457,7.85,90,3801.76,3801.76,Cash,1.0,"Very Unsatisfied"
T1267,2023-12-20,2023-12-20,Lagos,Garkii,D135,P113,30.2,90,5558.87,5558.87,Transfer,2.0,Unsatisfied
T1268,05/09/2023,2023-05-09,Ibadan,Maitama,D78,P38,59.34,73,2569.33,2569.33,Transfer,5.0,"Very Satisfied"
T1269,09-26-2023,2023-09-26,Kano,Garkii,D45,P242,28.01,76,5933.26,5933.26,Card,1.0,"Very Unsatisfied"
T1271,2023-07-04,2023-07-04,Abuja,"Victoria Island",D96,P249,21.63,90,1033.33,1033.33,Transfer,5.0,"Very Satisfied"
T1272,12-29-2023,2023-12-29,"Port Harcourt",Garkii,D10,P28,17.76,90,19217.21,19217.2,"Not Specified",1.0,"Very Unsatisfied"
T1273,2023-01-24,2023-01-24,Abuja,"Victoria Island",D200,P456,45.25,90,16080.34,16080.3,"Not Specified",3.0,Neutral
T1274,2023-12-24,2023-12-24,Kano,Ajah,D52,P224,34.23,174,41541.48,41541.5,Card,4.0,Satisfied
T1275,2023-09-09,2023-09-09,"Port Harcourt",Ajah,D24,P75,13.53,59,5995.83,5995.83,Transfer,2.0,Unsatisfied
T1276,21/10/2023,2023-10-21,Abuja,VI,D114,P111,1.24,125,8816.8,8816.8,"Not Specified",4.0,Satisfied
T1277,14/08/2023,2023-08-14,Ibadan,Ajah,D130,P476,11.65,90,2960.48,2960.48,Transfer,4.0,Satisfied
T1278,27/01/2023,2023-01-27,Kano,V.I,D7,P313,15.52,90,18400.91,18400.9,Cash,4.0,Satisfied
T1279,2023-09-02,2023-09-02,Lagos,Garkii,D124,P233,6.56,69,18424.08,18424.1,Transfer,1.0,"Very Unsatisfied"
T1280,25/07/2023,2023-07-25,Kano,Garkii,D129,P92,17.77,98,17833.16,17833.2,Cash,3,Neutral
T1281,11-19-2023,2023-11-19,Abuja,Maitama,D40,P199,8.2,90,2193.84,2193.84,Transfer,3,Neutral
T1282,03-18-2023,2023-03-18,Ibadan,Leky,D49,P192,55.82,90,5929.84,5929.84,Cash,3.0,Neutral
T1283,2023-02-13,2023-02-13,"Port Harcourt",VI,D88,P70,20.09,90,19384.57,19384.6,Transfer,3,Neutral
T1285,2023-11-13,2023-11-13,"Port Harcourt",Garki,D188,P369,27.79,97,1949.83,1949.83,Cash,3.0,Neutral
T1286,14/07/2023,2023-07-14,Kano,Ikeja,D135,P100,36.06,65,7039.07,7039.07,Transfer,3.0,Neutral
T1288,06-06-2023,2023-06-06,"Port Harcourt",Maitama,D199,P184,27.73,90,1944.73,1944.73,"Not Specified",4.0,Satisfied
T1289,11-09-2023,2023-11-09,Lagos,Leky,D84,P500,59.99,90,17899.31,17899.3,Cash,4.0,Satisfied
T1291,2023-12-05,2023-12-05,Abuja,Maitama,D197,P104,51.93,54,6691.78,6691.78,Transfer,3.0,Neutral
T1292,03-30-2023,2023-03-30,Abuja,"Victoria Island",D26,P172,17.69,90,13392.04,13392,"Not Specified",2.0,Unsatisfied
T1293,02/01/2023,2023-02-01,Ibadan,Maitama,D133,P66,44.88,144,1194.91,1194.91,Transfer,3.0,Neutral
T1294,01/11/2023,2023-01-11,Abuja,Lekki,D174,P17,36.54,82,655.43,655.43,Cash,3,Neutral
T1295,29/04/2023,2023-04-29,Abuja,Lekki,D34,P355,34.55,90,7836.08,7836.08,Transfer,3.0,Neutral
T1296,26/12/2023,2023-12-26,"Port Harcourt",Garkii,D53,P292,52.07,90,13630.28,13630.3,Transfer,5.0,"Very Satisfied"
T1297,30/04/2023,2023-04-30,Abuja,"Victoria Island",D186,P31,127.11,54,3452.95,3452.95,"Not Specified",2.0,Unsatisfied
T1298,11-17-2023,2023-11-17,Lagos,Leky,D10,P144,24.74,145,14804.43,14804.4,Cash,4.0,Satisfied
T1299,12/04/2023,2023-12-04,"Port Harcourt",Maitama,D118,P70,57.31,148,4372.17,4372.17,Transfer,3.0,Neutral
T1300,04-26-2023,2023-04-26,Kano,VI,D100,P57,18.61,98,19041.24,19041.2,"Not Specified",3.0,Neutral
T1301,2023-05-17,2023-05-17,Abuja,Garkii,D183,P437,44.42,90,15114.2,15114.2,Card,1.0,"Very Unsatisfied"
T1303,19/10/2023,2023-10-19,"Port Harcourt",VI,D30,P235,22.18,128,14344.81,14344.8,Transfer,3,Neutral
T1305,26/07/2023,2023-07-26,"Port Harcourt",Maitama,D80,P88,53.24,47,11886.03,11886,Cash,3,Neutral
T1306,10/09/2023,2023-10-09,Lagos,Lekki,D12,P390,34.22,38,9942.54,9942.54,Card,3.0,Neutral
T1307,21/01/2023,2023-01-21,Kano,V.I,D176,P176,45.63,90,4011.25,4011.25,Card,5.0,"Very Satisfied"
T1308,06/11/2023,2023-06-11,Ibadan,Maitama,D153,P113,37.22,53,5021.92,5021.92,Transfer,1.0,"Very Unsatisfied"
T1309,,2025-08-26,"Port Harcourt",Ajah,D23,P454,26.14,90,9958.67,9958.67,Card,1.0,"Very Unsatisfied"
T1311,01-11-2023,2023-01-11,"Port Harcourt",Lekki,D120,P310,39.21,135,9878.7,9878.7,Transfer,1.0,"Very Unsatisfied"
T1313,31/03/2023,2023-03-31,"Port Harcourt",Leky,D27,P405,39.19,107,9219.87,9219.87,Transfer,1.0,"Very Unsatisfied"
T1314,15/08/2023,2023-08-15,Abuja,Garki,D134,P407,67.57,90,8784.87,8784.87,"Not Specified",2.0,Unsatisfied
T1315,27/10/2023,2023-10-27,Lagos,V.I,D197,P327,29.18,90,19148.15,19148.2,Card,3.0,Neutral
T1316,2023-09-09,2023-09-09,"Port Harcourt",Garkii,D169,P488,8.54,90,7277.78,7277.78,Card,1.0,"Very Unsatisfied"
T1317,29/07/2023,2023-07-29,Kano,V.I,D191,P314,50.65,90,2997.13,2997.13,Card,2.0,Unsatisfied
T1318,2023-02-23,2023-02-23,Abuja,V.I,D80,P464,18.43,136,16882.36,16882.4,Cash,5.0,"Very Satisfied"
T1319,22/12/2023,2023-12-22,Lagos,Garki,D6,P88,6.86,133,12220.65,12220.7,Card,2.0,Unsatisfied
T1320,07-25-2023,2023-07-25,Kano,"Victoria Island",D148,P296,31.13,90,1064.77,1064.77,Transfer,1.0,"Very Unsatisfied"
T1321,,2025-08-26,Ibadan,V.I,D195,P497,28.41,80,4694.57,4694.57,Cash,1.0,"Very Unsatisfied"
T1322,10/05/2023,2023-10-05,"Port Harcourt",V.I,D80,P284,48.96,90,8475.61,8475.61,Card,1.0,"Very Unsatisfied"
T1323,07-26-2023,2023-07-26,Kano,Garki,D164,P438,35.55,90,6802.24,6802.24,Cash,3,Neutral
T1324,01-01-2023,2023-01-01,"Port Harcourt",Maitama,D54,P118,1.96,90,8518.97,8518.97,Cash,1.0,"Very Unsatisfied"
T1325,25/08/2023,2023-08-25,Kano,Ikeja,D83,P45,28.31,90,8791.39,8791.39,Transfer,3,Neutral
T1326,23/09/2023,2023-09-23,Lagos,V.I,D52,P211,50.73,90,1565.35,1565.35,Card,3.0,Neutral
T1328,2023-01-27,2023-01-27,Abuja,Garkii,D74,P268,35.65,90,1389.76,1389.76,Cash,1.0,"Very Unsatisfied"
T1329,09/03/2023,2023-09-03,"Port Harcourt",Ajah,D71,P251,40.55,90,4815.55,4815.55,"Not Specified",2.0,Unsatisfied
T1330,24/12/2023,2023-12-24,Kano,Maitama,D137,P442,16.64,90,10952.26,10952.3,Transfer,5.0,"Very Satisfied"
T1331,11-19-2023,2023-11-19,Lagos,Maitama,D82,P111,52.41,5,2651.15,2651.15,Card,3,Neutral
T1332,2023-12-30,2023-12-30,Lagos,Garkii,D198,P303,11.92,166,12409.65,12409.7,Transfer,4.0,Satisfied
T1333,01-08-2023,2023-01-08,Lagos,Maitama,D113,P243,36.64,90,11025.46,11025.5,Transfer,3,Neutral
T1334,2023-04-26,2023-04-26,Kano,V.I,D172,P429,7.27,145,911.8,911.8,Card,3.0,Neutral
T1335,03-02-2023,2023-03-02,Kano,Garki,D31,P237,1.34,39,15718.45,15718.5,Transfer,3,Neutral
T1336,09-13-2023,2023-09-13,"Port Harcourt",Ikeja,D70,P143,11.13,161,7377.66,7377.66,Cash,1.0,"Very Unsatisfied"
T1337,28/12/2023,2023-12-28,"Port Harcourt","Victoria Island",D39,P8,41.82,90,1737.56,1737.56,Card,5.0,"Very Satisfied"
T1339,2023-10-10,2023-10-10,Kano,Maitama,D71,P220,29.72,90,3561.36,3561.36,Cash,1.0,"Very Unsatisfied"
T1340,11-03-2023,2023-11-03,"Port Harcourt",Ikeja,D30,P377,58.46,90,17264.6,17264.6,"Not Specified",3,Neutral
T1341,2023-03-11,2023-03-11,Lagos,VI,D4,P447,40.75,90,16125.07,16125.1,Transfer,2.0,Unsatisfied
T1342,01/08/2023,2023-01-08,Kano,Ajah,D160,P127,24.3,90,6964.29,6964.29,"Not Specified",2.0,Unsatisfied
T1343,17/09/2023,2023-09-17,Lagos,VI,D144,P127,8.38,102,14800.02,14800,"Not Specified",3,Neutral
T1344,05-25-2023,2023-05-25,Lagos,Maitama,D132,P168,12.35,90,1203.46,1203.46,Transfer,1.0,"Very Unsatisfied"
T1345,10-28-2023,2023-10-28,"Port Harcourt",Ajah,D27,P223,12.11,90,46987.94,46987.9,Card,2.0,Unsatisfied
T1346,2023-09-08,2023-09-08,"Port Harcourt",VI,D53,P297,69.57,88,15931.2,15931.2,Card,1.0,"Very Unsatisfied"
T1347,05/09/2023,2023-05-09,"Port Harcourt",Garki,D139,P114,26.71,57,13796.03,13796,Cash,3,Neutral
T1348,06/10/2023,2023-06-10,Abuja,Leky,D90,P457,47.61,44,15562.03,15562,Transfer,1.0,"Very Unsatisfied"
T1349,2023-06-14,2023-06-14,Abuja,Lekki,D141,P475,18.75,64,5812.94,5812.94,Card,1.0,"Very Unsatisfied"
T1350,05-03-2023,2023-05-03,Lagos,"Victoria Island",D82,P303,28.97,90,15789.05,15789,Cash,4.0,Satisfied
T1351,2023-07-30,2023-07-30,"Port Harcourt",Lekki,D70,P485,20.75,90,3058.27,3058.27,"Not Specified",3,Neutral
T1352,08-31-2023,2023-08-31,Abuja,Garkii,D37,P77,27.27,90,5764.97,5764.97,Cash,2.0,Unsatisfied
T1354,2023-11-30,2023-11-30,"Port Harcourt","Victoria Island",D73,P294,15.32,90,14786.46,14786.5,Card,1.0,"Very Unsatisfied"
T1356,30/10/2023,2023-10-30,Kano,Maitama,D63,P3,20.7,51,3461.03,3461.03,Transfer,1.0,"Very Unsatisfied"
T1357,2023-08-14,2023-08-14,Kano,Maitama,D44,P214,51.01,10,15956.09,15956.1,Transfer,4.0,Satisfied
T1358,2023-08-22,2023-08-22,"Port Harcourt","Victoria Island",D19,P23,25.53,90,12310.99,12311,Cash,3.0,Neutral
T1359,07-29-2023,2023-07-29,Ibadan,VI,D80,P21,35.14,90,6812.67,6812.67,Cash,3,Neutral
T1360,08/02/2023,2023-08-02,Lagos,Lekki,D157,P241,59.94,90,956.92,956.92,Card,5.0,"Very Satisfied"
T1362,07-23-2023,2023-07-23,Kano,Ikeja,D139,P394,37.08,67,13292.99,13293,Transfer,4.0,Satisfied
T1363,06-18-2023,2023-06-18,Kano,"Victoria Island",D114,P259,49.18,170,6179.15,6179.15,Card,2.0,Unsatisfied
T1365,09-07-2023,2023-09-07,Kano,VI,D34,P218,25.9,90,6046.25,6046.25,Card,4.0,Satisfied
T1366,,2025-08-26,"Port Harcourt",Garki,D8,P272,4.75,101,10378.57,10378.6,Cash,5.0,"Very Satisfied"
T1367,11-20-2023,2023-11-20,Abuja,Leky,D121,P202,25.61,90,19866.5,19866.5,Transfer,3,Neutral
T1368,04-27-2023,2023-04-27,Lagos,V.I,D173,P246,30.19,90,19053.42,19053.4,"Not Specified",2.0,Unsatisfied
T1369,02-20-2023,2023-02-20,Abuja,Maitama,D13,P415,21.46,90,14434.29,14434.3,Card,4.0,Satisfied
T1370,21/02/2023,2023-02-21,Lagos,VI,D28,P409,2.23,26,11768.65,11768.7,Card,3.0,Neutral
T1372,,2025-08-26,Abuja,VI,D14,P421,14.69,90,11481.49,11481.5,Transfer,3,Neutral
T1373,31/05/2023,2023-05-31,Abuja,Lekki,D23,P51,54.64,143,6982.49,6982.49,Card,5.0,"Very Satisfied"
T1374,2023-03-16,2023-03-16,Lagos,Leky,D110,P232,36.52,90,19528.44,19528.4,Cash,1.0,"Very Unsatisfied"
T1376,2023-03-29,2023-03-29,Abuja,"Victoria Island",D46,P124,18.31,149,2135.83,2135.83,Card,2.0,Unsatisfied
T1377,07-15-2023,2023-07-15,Abuja,Lekki,D181,P43,57.63,46,16842.37,16842.4,Cash,5.0,"Very Satisfied"
T1378,09-12-2023,2023-09-12,Abuja,Maitama,D153,P286,40.71,89,16873.18,16873.2,"Not Specified",1.0,"Very Unsatisfied"
T1379,08-25-2023,2023-08-25,"Port Harcourt",V.I,D152,P386,47.96,90,1649.19,1649.19,Cash,1.0,"Very Unsatisfied"
T1380,05-11-2023,2023-05-11,Kano,Ikeja,D162,P7,50.83,19,8531.24,8531.24,Cash,2.0,Unsatisfied
T1381,,2025-08-26,Kano,Garkii,D177,P355,17.66,90,16769.31,16769.3,Card,2.0,Unsatisfied
T1383,07/02/2023,2023-07-02,Lagos,"Victoria Island",D115,P209,12.77,31,608.65,608.65,Card,2.0,Unsatisfied
T1384,28/10/2023,2023-10-28,Lagos,Garki,D158,P487,6.95,31,15223.24,15223.2,Card,5.0,"Very Satisfied"
T1385,08-06-2023,2023-08-06,Abuja,Maitama,D92,P112,59.63,90,11138.98,11139,Cash,5.0,"Very Satisfied"
T1386,2023-06-04,2023-06-04,"Port Harcourt",V.I,D80,P68,13.36,90,13214.17,13214.2,Card,2.0,Unsatisfied
T1388,20/10/2023,2023-10-20,"Port Harcourt",Ikeja,D51,P152,10.36,90,17243.73,17243.7,Card,1.0,"Very Unsatisfied"
T1389,25/12/2023,2023-12-25,Abuja,Garki,D183,P123,53.77,95,2087.97,2087.97,Card,3,Neutral
T1391,22/07/2023,2023-07-22,Lagos,VI,D172,P47,14.37,90,15259.29,15259.3,Transfer,2.0,Unsatisfied
T1392,,2025-08-26,"Port Harcourt",Garki,D137,P9,29.7,90,15088.9,15088.9,Card,2.0,Unsatisfied
T1393,01-26-2023,2023-01-26,Abuja,Lekki,D21,P246,47.31,90,9033.22,9033.22,Cash,3.0,Neutral
T1394,2023-05-27,2023-05-27,Abuja,Garki,D194,P343,46.44,31,1261.71,1261.71,Transfer,2.0,Unsatisfied
T1395,2023-06-30,2023-06-30,Kano,VI,D196,P157,53.88,90,3829.08,3829.08,Transfer,2.0,Unsatisfied
T1396,14/11/2023,2023-11-14,"Port Harcourt",Ikeja,D120,P83,52.55,162,10000.27,10000.3,Transfer,4.0,Satisfied
T1397,12-04-2023,2023-12-04,"Port Harcourt",Garkii,D146,P361,7.14,35,11168.16,11168.2,"Not Specified",3,Neutral
T1399,2023-11-27,2023-11-27,Abuja,VI,D24,P440,45.59,90,6237.36,6237.36,"Not Specified",3.0,Neutral
T1400,2023-08-14,2023-08-14,Kano,V.I,D179,P293,47.12,50,13695.32,13695.3,"Not Specified",5.0,"Very Satisfied"
T1401,2023-03-09,2023-03-09,"Port Harcourt",Maitama,D120,P383,51.64,140,12494.46,12494.5,Transfer,4.0,Satisfied
T1402,06-17-2023,2023-06-17,Lagos,Leky,D25,P299,34.19,90,13179.3,13179.3,Cash,5.0,"Very Satisfied"
T1403,2023-04-13,2023-04-13,"Not Specified","Victoria Island",D117,P13,10.86,178,10703.4,10703.4,Transfer,3,Neutral
T1404,07-07-2023,2023-07-07,Kano,Lekki,D80,P500,13.12,43,12473,12473,Transfer,3.0,Neutral
T1405,2023-05-20,2023-05-20,Abuja,Garkii,D176,P233,43.97,164,10627.91,10627.9,Card,2.0,Unsatisfied
T1406,04/09/2023,2023-04-09,"Port Harcourt",Garkii,D165,P238,45.96,90,9526.16,9526.16,Transfer,4.0,Satisfied
T1407,2023-06-23,2023-06-23,Abuja,Ikeja,D182,P396,52.36,74,18578.05,18578.1,Card,3.0,Neutral
T1408,2023-02-08,2023-02-08,Abuja,Maitama,D197,P71,22.46,174,17121.73,17121.7,Transfer,3.0,Neutral
T1409,04-26-2023,2023-04-26,Abuja,VI,D120,P448,8.26,90,10725.38,10725.4,Cash,3,Neutral
T1410,07-23-2023,2023-07-23,Ibadan,Maitama,D121,P361,58.21,90,691.51,691.51,Transfer,2.0,Unsatisfied
T1411,2023-07-22,2023-07-22,"Port Harcourt",Garki,D60,P208,1.39,90,3431.81,3431.81,Card,5.0,"Very Satisfied"
T1413,11/12/2023,2023-11-12,Lagos,Lekki,D37,P405,11.1,104,4385.72,4385.72,"Not Specified",3,Neutral
T1414,23/11/2023,2023-11-23,Lagos,Garki,D158,P447,43.2,90,22658.98,22659,"Not Specified",3,Neutral
T1415,30/04/2023,2023-04-30,"Port Harcourt",Ikeja,D67,P190,38.14,33,23169.05,23169.1,Transfer,3.0,Neutral
T1416,,2025-08-26,Ibadan,Garki,D94,P321,45.44,90,31635.35,31635.3,Card,3.0,Neutral
T1417,15/10/2023,2023-10-15,"Port Harcourt",V.I,D101,P238,47.45,28,775.53,775.53,"Not Specified",2.0,Unsatisfied
T1418,04-24-2023,2023-04-24,Abuja,Leky,D47,P361,26.3,90,6041.66,6041.66,Card,1.0,"Very Unsatisfied"
T1419,08-26-2023,2023-08-26,Lagos,Lekki,D180,P325,53.99,103,8810.23,8810.23,Card,1.0,"Very Unsatisfied"
T1420,2023-07-29,2023-07-29,Abuja,"Victoria Island",D171,P1,31.45,86,7661.86,7661.86,Card,1.0,"Very Unsatisfied"
T1421,20/01/2023,2023-01-20,Kano,Maitama,D85,P441,56.68,113,18719,18719,Cash,4.0,Satisfied
T1422,2023-03-01,2023-03-01,Lagos,Ajah,D84,P322,46.44,110,13011.19,13011.2,"Not Specified",3.0,Neutral
T1423,2023-10-03,2023-10-03,"Port Harcourt",Ikeja,D117,P37,31.52,90,12056.46,12056.5,Card,3,Neutral
T1425,12-23-2023,2023-12-23,"Port Harcourt",Garki,D8,P458,10.7,145,11491.37,11491.4,Cash,5.0,"Very Satisfied"
T1427,09-08-2023,2023-09-08,Abuja,Lekki,D122,P171,9.91,90,7967.46,7967.46,Transfer,1.0,"Very Unsatisfied"
T1428,2023-05-24,2023-05-24,Lagos,Ajah,D29,P272,58.69,90,17141.3,17141.3,Cash,3,Neutral
T1429,22/04/2023,2023-04-22,"Port Harcourt",VI,D90,P17,48.15,153,19349.85,19349.8,"Not Specified",3,Neutral
T1430,01/05/2023,2023-01-05,Kano,Ajah,D123,P152,58.39,90,12509.8,12509.8,"Not Specified",4.0,Satisfied
T1431,18/12/2023,2023-12-18,"Port Harcourt","Victoria Island",D119,P219,53.26,90,4581.48,4581.48,Card,1.0,"Very Unsatisfied"
T1432,27/11/2023,2023-11-27,"Port Harcourt",Leky,D44,P386,52.54,90,11207.47,11207.5,Card,3,Neutral
T1433,2023-05-22,2023-05-22,Kano,Ikeja,D73,P139,19.51,90,40069.37,40069.4,Transfer,3,Neutral
T1434,2023-08-21,2023-08-21,Abuja,Garki,D197,P358,49.79,97,9771.55,9771.55,Transfer,1.0,"Very Unsatisfied"
T1435,11-25-2023,2023-11-25,Abuja,"Victoria Island",D90,P485,37.01,90,3428.27,3428.27,Transfer,3.0,Neutral
T1436,2023-01-11,2023-01-11,"Port Harcourt",VI,D155,P314,24.83,20,16241.07,16241.1,Transfer,5.0,"Very Satisfied"
T1437,2023-05-05,2023-05-05,Ibadan,Ikeja,D148,P278,53.37,90,9697.94,9697.94,Transfer,3.0,Neutral
T1438,2023-04-16,2023-04-16,Abuja,Ajah,D33,P295,37.47,80,15320.14,15320.1,Card,3,Neutral
T1439,2023-10-11,2023-10-11,"Port Harcourt",Leky,D131,P407,21.37,41,8168.31,8168.31,"Not Specified",3,Neutral
T1440,30/04/2023,2023-04-30,Lagos,Lekki,D27,P107,39.28,90,14271.77,14271.8,Card,5.0,"Very Satisfied"
T1441,2023-11-02,2023-11-02,"Port Harcourt",Lekki,D104,P404,52.98,90,16853.66,16853.7,Cash,3,Neutral
T1443,2023-03-31,2023-03-31,Kano,"Victoria Island",D28,P42,44.66,41,4671.04,4671.04,Card,5.0,"Very Satisfied"
T1444,2023-01-14,2023-01-14,Abuja,Garkii,D84,P318,59.52,11,12858.51,12858.5,"Not Specified",3.0,Neutral
T1445,,2025-08-26,"Port Harcourt",Ikeja,D143,P451,6.48,90,3286.24,3286.24,Cash,3,Neutral
T1446,05-02-2023,2023-05-02,Kano,"Victoria Island",D167,P172,31.76,90,9112.11,9112.11,Cash,3.0,Neutral
T1447,31/03/2023,2023-03-31,Abuja,VI,D19,P377,10.44,90,5385.51,5385.51,Card,4.0,Satisfied
T1449,02/02/2023,2023-02-02,Ibadan,Leky,D137,P29,50.1,90,3971.24,3971.24,Cash,3,Neutral
T1450,07-05-2023,2023-07-05,Lagos,Garkii,D119,P264,25.94,90,17179.76,17179.8,Card,4.0,Satisfied
T1451,08-20-2023,2023-08-20,Ibadan,Leky,D103,P485,44.19,90,7246.84,7246.84,Cash,3.0,Neutral
T1452,2023-11-11,2023-11-11,"Port Harcourt",VI,D152,P466,16.33,150,12531,12531,Cash,4.0,Satisfied
T1453,12-04-2023,2023-12-04,"Port Harcourt",Garki,D106,P346,8.3,90,18451.82,18451.8,Card,3.0,Neutral
T1454,2023-11-26,2023-11-26,Ibadan,Lekki,D62,P187,56.54,90,7797.01,7797.01,Cash,4.0,Satisfied
T1455,03/09/2023,2023-03-09,Kano,V.I,D159,P455,34.77,140,19911.05,19911.1,Card,3.0,Neutral
T1456,25/02/2023,2023-02-25,Abuja,Leky,D63,P27,47.54,125,7539.33,7539.33,Cash,5.0,"Very Satisfied"
T1457,2023-08-16,2023-08-16,Lagos,"Victoria Island",D141,P57,59.35,91,11930.67,11930.7,Card,3,Neutral
T1458,06-14-2023,2023-06-14,Lagos,Maitama,D41,P197,53.77,90,18265.29,18265.3,Transfer,2.0,Unsatisfied
T1459,06/03/2023,2023-06-03,Ibadan,Lekki,D124,P188,32.46,90,10304.47,10304.5,Cash,2.0,Unsatisfied
T1461,07-15-2023,2023-07-15,Ibadan,VI,D17,P317,47.3,90,9835.33,9835.33,Cash,2.0,Unsatisfied
T1463,02-20-2023,2023-02-20,Abuja,Maitama,D54,P188,31.66,90,1615.93,1615.93,Transfer,3,Neutral
T1464,12-02-2023,2023-12-02,Kano,Garkii,D178,P188,20.34,7,1093.32,1093.32,Card,3.0,Neutral
T1465,10-10-2023,2023-10-10,"Port Harcourt",VI,D152,P90,49.55,113,9680.78,9680.78,Cash,4.0,Satisfied
T1466,09/08/2023,2023-09-08,Lagos,Garki,D111,P332,6.78,146,9362.37,9362.37,Transfer,4.0,Satisfied
T1467,31/07/2023,2023-07-31,Abuja,Ajah,D112,P287,49.88,151,15123.75,15123.8,Transfer,4.0,Satisfied
T1468,24/07/2023,2023-07-24,Abuja,"Victoria Island",D146,P361,4.64,63,11138.95,11139,Cash,3.0,Neutral
T1469,10/06/2023,2023-10-06,Kano,Garkii,D88,P35,27.32,45,7705.91,7705.91,Transfer,4.0,Satisfied
T1470,11/05/2023,2023-11-05,Abuja,Leky,D140,P288,32.05,28,14409.55,14409.5,Transfer,4.0,Satisfied
T1471,18/12/2023,2023-12-18,"Port Harcourt",Leky,D178,P364,31.62,90,3949.7,3949.7,Card,4.0,Satisfied
T1472,2023-02-13,2023-02-13,Lagos,VI,D61,P397,16.56,90,2115.08,2115.08,Transfer,4.0,Satisfied
T1473,2023-07-10,2023-07-10,"Port Harcourt",Maitama,D45,P105,25.98,61,2828.82,2828.82,Transfer,2.0,Unsatisfied
T1474,10-28-2023,2023-10-28,"Port Harcourt",Ajah,D170,P71,55.93,90,14356.52,14356.5,Cash,2.0,Unsatisfied
T1475,2023-12-10,2023-12-10,"Port Harcourt",Garkii,D172,P172,58.42,124,17228.86,17228.9,Transfer,3,Neutral
T1476,07/12/2023,2023-07-12,Lagos,"Victoria Island",D20,P123,9.52,85,17125.23,17125.2,Card,4.0,Satisfied
T1477,27/01/2023,2023-01-27,Kano,Ikeja,D190,P277,42.96,90,14880.35,14880.3,Cash,4.0,Satisfied
T1478,2023-06-30,2023-06-30,Kano,Garkii,D183,P59,42.57,18,13603.82,13603.8,Cash,1.0,"Very Unsatisfied"
T1479,2023-04-19,2023-04-19,Lagos,"Victoria Island",D147,P333,7.97,170,18005.86,18005.9,Transfer,2.0,Unsatisfied
T1480,2023-04-25,2023-04-25,Kano,VI,D125,P245,28.93,54,19732.27,19732.3,"Not Specified",3.0,Neutral
T1481,12/10/2023,2023-12-10,"Port Harcourt",Maitama,D30,P378,56.7,90,7642,7642,Card,4.0,Satisfied
T1483,08-08-2023,2023-08-08,Kano,Garkii,D153,P386,25.11,159,13558,13558,Card,2.0,Unsatisfied
T1486,12-03-2023,2023-12-03,Lagos,Lekki,D143,P492,23.09,90,1367.91,1367.91,Transfer,1.0,"Very Unsatisfied"
T1487,03/04/2023,2023-03-04,Ibadan,Garkii,D25,P360,2.65,90,13929.98,13930,Card,4.0,Satisfied
T1488,08/06/2023,2023-08-06,Abuja,V.I,D114,P108,47.24,90,12888.34,12888.3,Transfer,3,Neutral
T1489,2023-04-03,2023-04-03,Abuja,"Victoria Island",D46,P386,56.27,90,18851.25,18851.2,Transfer,2.0,Unsatisfied
T1490,2023-07-25,2023-07-25,Kano,Lekki,D79,P382,17.73,90,11430.91,11430.9,Transfer,2.0,Unsatisfied
T1491,2023-11-21,2023-11-21,Kano,Ajah,D104,P390,44.64,90,9591.92,9591.92,Transfer,5.0,"Very Satisfied"
T1492,2023-09-29,2023-09-29,Kano,Leky,D18,P116,79.87,66,2178.86,2178.86,Card,2.0,Unsatisfied
T1493,21/08/2023,2023-08-21,Ibadan,Ajah,D154,P165,25.64,90,2219.16,2219.16,Card,2.0,Unsatisfied
T1494,06-09-2023,2023-06-09,"Port Harcourt",Garki,D28,P181,34.38,149,4058.77,4058.77,"Not Specified",1.0,"Very Unsatisfied"
T1496,2023-01-27,2023-01-27,"Port Harcourt",Ikeja,D153,P137,43.48,90,15451.09,15451.1,Cash,4.0,Satisfied
T1497,2023-11-13,2023-11-13,Kano,Garkii,D198,P258,45.96,90,4741.75,4741.75,Card,4.0,Satisfied
T1498,20/05/2023,2023-05-20,Kano,V.I,D98,P349,28.2,96,2084.86,2084.86,"Not Specified",2.0,Unsatisfied
T1499,09-06-2023,2023-09-06,Ibadan,Garki,D84,P217,27.5,90,5311.28,5311.28,Card,3.0,Neutral
T1500,2023-05-20,2023-05-20,Ibadan,Garkii,D127,P142,20.19,85,13025.19,13025.2,Transfer,3.0,Neutral
T1501,28/02/2023,2023-02-28,Abuja,VI,D166,P28,40.21,90,4226.18,4226.18,Card,2.0,Unsatisfied
T1502,05-26-2023,2023-05-26,"Port Harcourt",Garkii,D170,P33,14.74,90,3088.33,3088.33,Transfer,1.0,"Very Unsatisfied"
T1503,09-07-2023,2023-09-07,"Port Harcourt","Victoria Island",D16,P191,32.92,89,35148.66,35148.7,"Not Specified",4.0,Satisfied
T1504,2023-01-24,2023-01-24,"Port Harcourt",Ajah,D24,P177,53.51,90,11518.28,11518.3,Cash,4.0,Satisfied
T1505,2023-11-03,2023-11-03,Abuja,Maitama,D56,P232,39.11,90,16787.87,16787.9,Card,2.0,Unsatisfied
T1506,,2025-08-26,Lagos,Leky,D36,P249,42.73,11,4384.88,4384.88,Cash,3.0,Neutral
T1507,2023-04-19,2023-04-19,Lagos,V.I,D149,P257,47.97,90,5557.4,5557.4,Transfer,5.0,"Very Satisfied"
T1508,29/05/2023,2023-05-29,Kano,Leky,D194,P270,34.1,90,2302.04,2302.04,"Not Specified",3.0,Neutral
T1509,09-12-2023,2023-09-12,Ibadan,Ikeja,D163,P425,34,43,7590.46,7590.46,Transfer,2.0,Unsatisfied
T1510,08/03/2023,2023-08-03,"Port Harcourt",Ikeja,D1,P63,37.5,90,10699.33,10699.3,Card,2.0,Unsatisfied
T1511,04-28-2023,2023-04-28,Ibadan,Garkii,D194,P241,4.12,90,13897.28,13897.3,Cash,4.0,Satisfied
T1512,09/12/2023,2023-09-12,Ibadan,Ikeja,D38,P364,12.17,90,19018.47,19018.5,"Not Specified",5.0,"Very Satisfied"
T1513,22/01/2023,2023-01-22,Ibadan,Lekki,D170,P273,53.91,46,3536.23,3536.23,Cash,3,Neutral
T1514,,2025-08-26,"Port Harcourt","Victoria Island",D39,P348,56.23,90,19878.23,19878.2,Card,4.0,Satisfied
T1515,06-10-2023,2023-06-10,Lagos,"Victoria Island",D116,P423,2.12,91,13097.16,13097.2,Cash,4.0,Satisfied
T1516,07-27-2023,2023-07-27,Kano,Lekki,D137,P273,15.47,97,6129.44,6129.44,Card,4.0,Satisfied
T1517,2023-05-29,2023-05-29,Lagos,Garki,D75,P461,53.37,15,19385.56,19385.6,Cash,2.0,Unsatisfied
T1518,2023-06-16,2023-06-16,Lagos,Ikeja,D100,P150,48.61,90,14991.07,14991.1,Transfer,4.0,Satisfied
T1519,13/11/2023,2023-11-13,Ibadan,VI,D158,P232,24.71,90,10508.81,10508.8,Card,3,Neutral
T1520,2023-07-05,2023-07-05,Abuja,Garki,D148,P318,128.61,44,4755.97,4755.97,Transfer,1.0,"Very Unsatisfied"
T1521,2023-02-24,2023-02-24,Lagos,Ikeja,D115,P189,11.65,90,18477.43,18477.4,Card,3.0,Neutral
T1523,06-08-2023,2023-06-08,Lagos,Ajah,D53,P345,7.76,90,9611.31,9611.31,Card,1.0,"Very Unsatisfied"
T1524,2023-06-20,2023-06-20,Kano,V.I,D175,P485,21.06,90,11493.5,11493.5,"Not Specified",3.0,Neutral
T1525,2023-11-21,2023-11-21,"Port Harcourt",VI,D82,P355,46.33,121,18074.86,18074.9,"Not Specified",3,Neutral
T1526,10/04/2023,2023-10-04,Lagos,Garkii,D77,P415,57.18,48,2539.95,2539.95,Card,4.0,Satisfied
T1527,2023-11-27,2023-11-27,"Port Harcourt",Ajah,D146,P482,4.48,90,18069.97,18070,"Not Specified",5.0,"Very Satisfied"
T1528,16/03/2023,2023-03-16,"Port Harcourt",Ajah,D174,P453,11.71,76,9772.17,9772.17,Card,3.0,Neutral
T1529,2023-11-05,2023-11-05,Abuja,Maitama,D78,P34,18.58,90,18108.11,18108.1,Cash,2.0,Unsatisfied
T1531,18/11/2023,2023-11-18,"Port Harcourt",Leky,D184,P457,56.55,122,11162.17,11162.2,Cash,5.0,"Very Satisfied"
T1532,10-16-2023,2023-10-16,"Port Harcourt",Garki,D89,P453,4.06,126,9060.67,9060.67,Transfer,4.0,Satisfied
T1533,10-17-2023,2023-10-17,Lagos,Ajah,D23,P235,36.22,90,12074.71,12074.7,Cash,2.0,Unsatisfied
T1534,16/11/2023,2023-11-16,Kano,Ikeja,D150,P45,31.01,36,14753.62,14753.6,Transfer,4.0,Satisfied
T1535,18/11/2023,2023-11-18,Ibadan,Lekki,D3,P42,57.01,15,5249.98,5249.98,Cash,4.0,Satisfied
T1536,04/02/2023,2023-04-02,Lagos,Garki,D157,P201,19.78,78,12218.37,12218.4,Cash,1.0,"Very Unsatisfied"
T1537,05/06/2023,2023-05-06,Kano,VI,D131,P460,4.86,90,8322.49,8322.49,Cash,3.0,Neutral
T1538,06-30-2023,2023-06-30,Abuja,Ikeja,D104,P92,93.2,117,46413.97,46414,Card,3,Neutral
T1539,25/08/2023,2023-08-25,Kano,VI,D33,P148,57.85,136,18066.88,18066.9,Transfer,2.0,Unsatisfied
T1540,,2025-08-26,Kano,Lekki,D76,P491,15.53,90,8709.23,8709.23,Transfer,3.0,Neutral
T1541,2023-05-27,2023-05-27,Kano,Leky,D16,P490,47.33,179,19102.65,19102.7,Cash,3,Neutral
T1542,02-16-2023,2023-02-16,Abuja,Garkii,D95,P40,25,134,1056.83,1056.83,"Not Specified",3.0,Neutral
T1543,16/07/2023,2023-07-16,Abuja,V.I,D141,P56,93.55,90,18485.9,18485.9,Cash,3,Neutral
T1544,22/01/2023,2023-01-22,"Port Harcourt",Leky,D14,P85,9.4,90,19322.09,19322.1,Cash,5.0,"Very Satisfied"
T1545,10-20-2023,2023-10-20,Kano,Lekki,D1,P142,10.92,90,4370.01,4370.01,Transfer,4.0,Satisfied
T1546,06/11/2023,2023-06-11,Kano,Ajah,D181,P58,57.2,90,15161.08,15161.1,Cash,5.0,"Very Satisfied"
T1547,01/02/2023,2023-01-02,"Port Harcourt",Maitama,D144,P357,33.75,79,6996.37,6996.37,Card,1.0,"Very Unsatisfied"
T1549,2023-11-27,2023-11-27,"Port Harcourt",Lekki,D29,P255,58.35,90,15433.55,15433.5,Transfer,2.0,Unsatisfied
T1551,08-13-2023,2023-08-13,Lagos,Maitama,D8,P448,15.8,90,516.44,516.44,Cash,3.0,Neutral
T1552,23/03/2023,2023-03-23,"Not Specified",Ikeja,D61,P105,59.96,94,17717.62,17717.6,Transfer,3.0,Neutral
T1553,25/05/2023,2023-05-25,"Port Harcourt",Garki,D111,P267,13.55,124,2067.32,2067.32,Transfer,3,Neutral
T1554,06-23-2023,2023-06-23,"Port Harcourt",Garkii,D180,P488,17.6,90,4464.78,4464.78,Card,3.0,Neutral
T1557,17/07/2023,2023-07-17,Abuja,Garki,D161,P151,9.24,56,7546.16,7546.16,Transfer,3.0,Neutral
T1558,12-03-2023,2023-12-03,"Port Harcourt",Garkii,D82,P214,17.49,90,13892.34,13892.3,Cash,5.0,"Very Satisfied"
T1559,2023-06-20,2023-06-20,Lagos,V.I,D183,P497,37.02,86,18300.24,18300.2,Cash,4.0,Satisfied
T1560,14/03/2023,2023-03-14,Lagos,Garki,D98,P350,19.78,159,16711.27,16711.3,Card,1.0,"Very Unsatisfied"
T1561,12-02-2023,2023-12-02,Lagos,Garki,D104,P278,21.22,59,15379.6,15379.6,Transfer,1.0,"Very Unsatisfied"
T1562,03-08-2023,2023-03-08,"Port Harcourt",Garkii,D98,P478,45.41,34,5989.37,5989.37,Cash,4.0,Satisfied
T1563,13/02/2023,2023-02-13,Lagos,Garki,D112,P68,15.51,90,6878.68,6878.68,Card,3.0,Neutral
T1564,26/11/2023,2023-11-26,Kano,Ajah,D140,P243,21.16,90,13657.62,13657.6,Card,4.0,Satisfied
T1565,12-10-2023,2023-12-10,Lagos,"Victoria Island",D55,P178,36.37,90,12140.31,12140.3,Transfer,2.0,Unsatisfied
T1567,10/12/2023,2023-10-12,Kano,Garkii,D45,P228,36.92,90,19419.4,19419.4,Transfer,3.0,Neutral
T1568,10/01/2023,2023-10-01,Abuja,V.I,D122,P378,-3.52,158,44222.2,44222.2,Cash,3,Neutral
T1569,20/04/2023,2023-04-20,Ibadan,Ikeja,D36,P331,53.82,20,7698.09,7698.09,Transfer,2.0,Unsatisfied
T1570,2023-09-06,2023-09-06,"Port Harcourt",Ajah,D49,P11,45.99,115,16553.14,16553.1,Cash,3.0,Neutral
T1571,2023-03-12,2023-03-12,Kano,Leky,D143,P150,47.45,90,15157.85,15157.8,"Not Specified",3,Neutral
T1572,02-21-2023,2023-02-21,Abuja,VI,D99,P97,5.57,90,13088.76,13088.8,Cash,4.0,Satisfied
T1574,2023-11-13,2023-11-13,"Port Harcourt",Ikeja,D107,P12,8.28,74,8990.31,8990.31,Transfer,5.0,"Very Satisfied"
T1575,2023-03-20,2023-03-20,Kano,"Victoria Island",D40,P447,23.21,90,13253.88,13253.9,Cash,3.0,Neutral
T1576,12-21-2023,2023-12-21,Abuja,"Victoria Island",D74,P411,23.82,90,6056.8,6056.8,Card,5.0,"Very Satisfied"
T1577,03-26-2023,2023-03-26,"Not Specified",Garkii,D172,P119,48.9,22,16514.86,16514.9,Cash,3.0,Neutral
T1579,02/05/2023,2023-02-05,Lagos,Garkii,D35,P486,12.39,81,8265.21,8265.21,Cash,2.0,Unsatisfied
T1581,08/06/2023,2023-08-06,Lagos,"Victoria Island",D19,P331,42.84,176,7252.59,7252.59,Transfer,3.0,Neutral
T1582,10/04/2023,2023-10-04,Ibadan,Garkii,D166,P172,49.16,90,13289.44,13289.4,Cash,3,Neutral
T1583,20/10/2023,2023-10-20,Kano,Ajah,D5,P211,48.7,28,16234.85,16234.8,Card,5.0,"Very Satisfied"
T1584,25/05/2023,2023-05-25,Lagos,VI,D37,P297,58.83,92,3010.42,3010.42,Cash,2.0,Unsatisfied
T1585,2023-08-03,2023-08-03,Lagos,Leky,D185,P176,3.17,90,13882.82,13882.8,Card,3,Neutral
T1587,01-27-2023,2023-01-27,Abuja,Garkii,D169,P331,1.42,128,15541.51,15541.5,Cash,5.0,"Very Satisfied"
T1588,07-10-2023,2023-07-10,Ibadan,Leky,D112,P403,38.67,90,5543.66,5543.66,Transfer,2.0,Unsatisfied
T1589,12-31-2023,2023-12-31,"Port Harcourt",Leky,D35,P168,17.36,116,12270.9,12270.9,Cash,2.0,Unsatisfied
T1590,2023-05-26,2023-05-26,Lagos,V.I,D22,P249,11.06,151,9280.26,9280.26,Transfer,4.0,Satisfied
T1591,20/05/2023,2023-05-20,Abuja,V.I,D36,P304,44.59,90,9734.17,9734.17,Cash,5.0,"Very Satisfied"
T1592,17/03/2023,2023-03-17,Ibadan,Leky,D165,P341,36.58,90,10932.97,10933,"Not Specified",4.0,Satisfied
T1593,24/04/2023,2023-04-24,"Port Harcourt",Ajah,D107,P357,35.7,87,15817.15,15817.2,Card,1.0,"Very Unsatisfied"
T1594,14/01/2023,2023-01-14,Abuja,Garki,D117,P272,8.52,90,10868.38,10868.4,Card,3.0,Neutral
T1595,15/09/2023,2023-09-15,Kano,Ajah,D179,P432,51.47,90,13657.02,13657,Transfer,5.0,"Very Satisfied"
T1596,11/02/2023,2023-11-02,Abuja,Garkii,D155,P281,44.01,132,7073.76,7073.76,"Not Specified",1.0,"Very Unsatisfied"
T1597,2023-06-13,2023-06-13,"Port Harcourt",Garki,D109,P228,51.01,34,12007.98,12008,Cash,4.0,Satisfied
T1599,2023-03-12,2023-03-12,"Port Harcourt",Garkii,D47,P156,15.92,90,9372.29,9372.29,Card,5.0,"Very Satisfied"
T1600,08-30-2023,2023-08-30,Lagos,Maitama,D117,P291,27.78,167,13726.55,13726.5,Transfer,3.0,Neutral
T1601,28/12/2023,2023-12-28,Ibadan,Leky,D131,P68,38.82,90,9474.89,9474.89,Card,1.0,"Very Unsatisfied"
T1603,,2025-08-26,Kano,VI,D142,P405,26.52,53,7080.5,7080.5,Card,4.0,Satisfied
T1604,03-18-2023,2023-03-18,"Port Harcourt",V.I,D116,P157,17.17,90,16473.8,16473.8,Card,4.0,Satisfied
T1605,11-08-2023,2023-11-08,Lagos,Lekki,D99,P88,28.53,158,3985.2,3985.2,Card,5.0,"Very Satisfied"
T1606,2023-05-28,2023-05-28,"Not Specified",Lekki,D91,P405,45.78,60,841.62,841.62,Transfer,3,Neutral
T1607,2023-01-25,2023-01-25,Abuja,Maitama,D58,P134,14.25,90,12901.66,12901.7,Cash,3.0,Neutral
T1608,15/11/2023,2023-11-15,"Port Harcourt",Ajah,D48,P117,25.78,90,7466.27,7466.27,"Not Specified",1.0,"Very Unsatisfied"
T1609,09-13-2023,2023-09-13,Abuja,Lekki,D109,P248,1.3,99,36803.36,36803.4,Transfer,4.0,Satisfied
T1610,11-20-2023,2023-11-20,Abuja,Garkii,D155,P191,5.83,9,10932.21,10932.2,Card,4.0,Satisfied
T1611,15/03/2023,2023-03-15,Abuja,"Victoria Island",D2,P498,2.5,90,3320.56,3320.56,Card,2.0,Unsatisfied
T1612,11/11/2023,2023-11-11,Kano,Maitama,D148,P148,58.71,132,17907.98,17908,Transfer,3.0,Neutral
T1613,2023-08-02,2023-08-02,Ibadan,Lekki,D128,P395,5.39,110,9431.6,9431.6,Card,3,Neutral
T1614,02-13-2023,2023-02-13,Lagos,Maitama,D188,P433,10.7,95,18416.12,18416.1,Card,2.0,Unsatisfied
T1615,02-04-2023,2023-02-04,"Port Harcourt",Garki,D61,P25,37.93,143,18679.19,18679.2,Cash,3.0,Neutral
T1616,09-17-2023,2023-09-17,Ibadan,Garki,D183,P76,69.39,138,11596.83,11596.8,Transfer,1.0,"Very Unsatisfied"
T1617,,2025-08-26,Lagos,Leky,D129,P181,37.95,90,15992.72,15992.7,"Not Specified",4.0,Satisfied
T1618,01-23-2023,2023-01-23,Abuja,Lekki,D69,P146,15.77,122,19548.44,19548.4,"Not Specified",2.0,Unsatisfied
T1619,11/07/2023,2023-11-07,Lagos,Maitama,D106,P234,15.06,90,17699.72,17699.7,Card,2.0,Unsatisfied
T1620,2023-07-02,2023-07-02,"Not Specified",Garkii,D140,P490,4.21,90,19615.2,19615.2,Card,3,Neutral
T1622,10-25-2023,2023-10-25,"Port Harcourt",Garkii,D94,P317,46.77,102,8314.42,8314.42,"Not Specified",3.0,Neutral
T1623,2023-03-10,2023-03-10,Ibadan,Ajah,D9,P474,46.08,173,15061.96,15062,"Not Specified",3.0,Neutral
T1624,06-23-2023,2023-06-23,Abuja,Ajah,D10,P83,35.16,167,14982.36,14982.4,Cash,5.0,"Very Satisfied"
T1625,17/12/2023,2023-12-17,Lagos,"Victoria Island",D146,P365,4.41,90,45573.51,45573.5,Cash,4.0,Satisfied
T1626,09-03-2023,2023-09-03,Abuja,Ikeja,D124,P275,53.51,90,11632.45,11632.5,Card,5.0,"Very Satisfied"
T1627,2023-03-11,2023-03-11,"Port Harcourt",Lekki,D181,P147,47.18,90,12503.84,12503.8,Cash,2.0,Unsatisfied
T1628,2023-08-23,2023-08-23,Abuja,VI,D95,P94,119.37,162,15977.61,15977.6,Card,3.0,Neutral
T1629,2023-01-23,2023-01-23,"Port Harcourt",Leky,D29,P499,37.94,31,1452.21,1452.21,"Not Specified",3.0,Neutral
T1632,2023-11-28,2023-11-28,"Port Harcourt",Maitama,D177,P363,111.55,90,4121.41,4121.41,Transfer,5.0,"Very Satisfied"
T1633,01-25-2023,2023-01-25,Kano,Leky,D21,P355,47.46,175,1391.97,1391.97,Transfer,5.0,"Very Satisfied"
T1634,05/03/2023,2023-05-03,Kano,Ajah,D37,P464,27.75,90,4034.58,4034.58,Cash,2.0,Unsatisfied
T1635,07-24-2023,2023-07-24,"Port Harcourt",Garki,D187,P342,26.26,62,598.5,598.5,Transfer,3,Neutral
T1636,17/07/2023,2023-07-17,Lagos,Garki,D188,P407,6.98,146,15749.99,15750,Transfer,2.0,Unsatisfied
T1637,09-12-2023,2023-09-12,"Port Harcourt",Maitama,D135,P79,40.87,90,5857.99,5857.99,Card,5.0,"Very Satisfied"
T1639,2023-08-06,2023-08-06,Abuja,Ikeja,D200,P122,7.06,94,2394.38,2394.38,Card,1.0,"Very Unsatisfied"
T1640,04-03-2023,2023-04-03,Abuja,Ajah,D72,P60,4.99,110,14325.67,14325.7,Card,3.0,Neutral
T1641,2023-02-22,2023-02-22,Lagos,V.I,D120,P22,12.42,6,12422.03,12422,Cash,3,Neutral
T1642,01/06/2023,2023-01-06,"Not Specified",Ajah,D133,P163,38.6,62,12381.67,12381.7,Cash,1.0,"Very Unsatisfied"
T1643,2023-08-07,2023-08-07,"Port Harcourt",Garki,D21,P295,25.84,73,8704.91,8704.91,Card,3,Neutral
T1644,29/06/2023,2023-06-29,Kano,Ikeja,D134,P65,27.23,83,11058.43,11058.4,Card,2.0,Unsatisfied
T1645,,2025-08-26,Kano,Leky,D157,P226,48.02,90,11374.31,11374.3,Card,5.0,"Very Satisfied"
T1647,05-21-2023,2023-05-21,Kano,"Victoria Island",D63,P190,39.45,90,3459.68,3459.68,Transfer,3.0,Neutral
T1648,2023-01-30,2023-01-30,Kano,VI,D121,P95,35.44,90,10230.01,10230,Cash,2.0,Unsatisfied
T1649,27/07/2023,2023-07-27,Abuja,Ajah,D162,P106,9.59,100,3815.26,3815.26,Transfer,4.0,Satisfied
T1650,2023-12-14,2023-12-14,"Port Harcourt",Ikeja,D190,P288,36.6,90,8357.3,8357.3,Card,4.0,Satisfied
T1651,03-15-2023,2023-03-15,Kano,Ajah,D170,P363,58.25,151,11640.61,11640.6,"Not Specified",3,Neutral
T1654,07-16-2023,2023-07-16,"Port Harcourt",Ajah,D176,P163,34.01,18,6190.55,6190.55,Cash,3.0,Neutral
T1655,,2025-08-26,"Port Harcourt",V.I,D163,P177,48.29,37,13652.78,13652.8,Cash,2.0,Unsatisfied
T1656,19/08/2023,2023-08-19,Lagos,Ikeja,D139,P76,12.87,49,31055.57,31055.6,Transfer,2.0,Unsatisfied
T1658,07/07/2023,2023-07-07,"Port Harcourt",Leky,D80,P230,58.93,90,15416.33,15416.3,Cash,1.0,"Very Unsatisfied"
T1659,2023-05-23,2023-05-23,Abuja,Leky,D157,P277,20.54,90,6035.81,6035.81,Transfer,1.0,"Very Unsatisfied"
T1660,01-14-2023,2023-01-14,Abuja,V.I,D14,P500,57.82,90,19798.76,19798.8,Card,3,Neutral
T1661,23/09/2023,2023-09-23,Kano,V.I,D88,P84,25.7,166,10983.06,10983.1,Transfer,3,Neutral
T1662,02/03/2023,2023-02-03,"Port Harcourt",Ikeja,D137,P274,27.8,165,19001.97,19002,Card,4.0,Satisfied
T1663,27/12/2023,2023-12-27,Abuja,Garki,D200,P155,3.49,90,8217.12,8217.12,Card,1.0,"Very Unsatisfied"
T1664,10/11/2023,2023-10-11,Lagos,Ajah,D3,P63,1.22,90,2657.34,2657.34,"Not Specified",3.0,Neutral
T1665,2023-09-09,2023-09-09,Abuja,Lekki,D121,P472,14.59,90,17365.42,17365.4,Cash,4.0,Satisfied
T1666,07/02/2023,2023-07-02,"Port Harcourt",V.I,D117,P13,15.1,11,19695.46,19695.5,Card,2.0,Unsatisfied
T1667,2023-08-16,2023-08-16,"Not Specified",Lekki,D132,P208,57.2,90,11226.37,11226.4,"Not Specified",4.0,Satisfied
T1668,06-13-2023,2023-06-13,Kano,Maitama,D121,P477,44.66,90,4746.18,4746.18,Cash,3,Neutral
T1669,02-03-2023,2023-02-03,Ibadan,Garkii,D147,P256,11.87,151,5938.15,5938.15,Cash,4.0,Satisfied
T1670,2023-06-03,2023-06-03,"Port Harcourt",Lekki,D188,P394,22.41,90,12790.38,12790.4,Transfer,5.0,"Very Satisfied"
T1671,12-25-2023,2023-12-25,"Port Harcourt",Leky,D85,P75,-0.35,121,13893.46,13893.5,Cash,2.0,Unsatisfied
T1672,07-05-2023,2023-07-05,Lagos,Garkii,D108,P486,26.98,90,12906.14,12906.1,Cash,5.0,"Very Satisfied"
T1673,2023-04-13,2023-04-13,Kano,Ajah,D91,P235,54.85,90,10883.91,10883.9,"Not Specified",4.0,Satisfied
T1674,2023-09-10,2023-09-10,Lagos,"Victoria Island",D76,P476,58.54,90,8377.34,8377.34,"Not Specified",3.0,Neutral
T1675,21/10/2023,2023-10-21,Kano,Leky,D75,P164,17.76,90,6082.53,6082.53,Transfer,1.0,"Very Unsatisfied"
T1676,2023-10-10,2023-10-10,Lagos,Garkii,D43,P80,16.46,101,3560.87,3560.87,Transfer,3.0,Neutral
T1677,2023-02-14,2023-02-14,Abuja,Garki,D10,P3,51,90,8301.06,8301.06,"Not Specified",4.0,Satisfied
T1679,07-29-2023,2023-07-29,"Not Specified",Lekki,D153,P379,16.45,90,13825.36,13825.4,Card,2.0,Unsatisfied
T1681,08-27-2023,2023-08-27,Lagos,VI,D78,P500,39.64,33,8500.73,8500.73,"Not Specified",5.0,"Very Satisfied"
T1682,03-07-2023,2023-03-07,Lagos,Ajah,D187,P260,20.96,90,12568.08,12568.1,Card,4.0,Satisfied
T1683,2023-04-04,2023-04-04,"Port Harcourt",Ajah,D145,P170,27.92,90,12588.45,12588.5,Cash,3.0,Neutral
T1684,2023-01-29,2023-01-29,Abuja,Garkii,D67,P332,22.97,77,12191.58,12191.6,Transfer,2.0,Unsatisfied
T1685,2023-06-05,2023-06-05,Kano,Ikeja,D16,P362,32.09,90,18937.04,18937,Transfer,5.0,"Very Satisfied"
T1686,2023-12-30,2023-12-30,Abuja,Garki,D162,P152,37.77,24,5373.84,5373.84,Transfer,2.0,Unsatisfied
T1687,23/09/2023,2023-09-23,Abuja,V.I,D122,P243,42.95,90,9702.31,9702.31,Card,3.0,Neutral
T1689,10/10/2023,2023-10-10,Abuja,V.I,D44,P149,12.19,90,15902.66,15902.7,Card,1.0,"Very Unsatisfied"
T1690,06-05-2023,2023-06-05,Lagos,"Victoria Island",D147,P497,41.97,90,10471.04,10471,Transfer,1.0,"Very Unsatisfied"
T1691,09-15-2023,2023-09-15,Kano,"Victoria Island",D14,P484,26.34,90,18307.53,18307.5,Card,3.0,Neutral
T1692,2023-10-25,2023-10-25,"Port Harcourt",Leky,D169,P387,55.34,58,14599.67,14599.7,Card,5.0,"Very Satisfied"
T1693,11-16-2023,2023-11-16,Kano,Ikeja,D75,P294,35.65,101,9707.29,9707.29,Cash,4.0,Satisfied
T1694,06-22-2023,2023-06-22,"Port Harcourt",VI,D189,P342,18.36,167,4395.81,4395.81,"Not Specified",3.0,Neutral
T1695,,2025-08-26,Lagos,Ajah,D160,P76,15.58,90,1763.85,1763.85,Card,2.0,Unsatisfied
T1697,23/10/2023,2023-10-23,Abuja,Garkii,D74,P290,30.99,90,12263.36,12263.4,Card,3,Neutral
T1698,20/10/2023,2023-10-20,"Port Harcourt",V.I,D125,P374,29.85,35,16036.69,16036.7,Transfer,4.0,Satisfied
T1699,16/01/2023,2023-01-16,"Port Harcourt",Maitama,D22,P465,47.3,93,10254.19,10254.2,Transfer,5.0,"Very Satisfied"
T1700,07/10/2023,2023-07-10,"Port Harcourt",Ikeja,D33,P473,37.28,90,12278.13,12278.1,Card,1.0,"Very Unsatisfied"
T1701,04/06/2023,2023-04-06,"Port Harcourt",V.I,D130,P227,23.9,45,18443.04,18443,Cash,3,Neutral
T1702,17/12/2023,2023-12-17,Kano,Garkii,D20,P174,45.32,90,9513.14,9513.14,"Not Specified",4.0,Satisfied
T1703,02-07-2023,2023-02-07,Lagos,V.I,D72,P353,31.61,90,634.22,634.22,Card,3,Neutral
T1705,15/04/2023,2023-04-15,Kano,"Victoria Island",D34,P375,29.51,90,17312.29,17312.3,Transfer,4.0,Satisfied
T1707,26/06/2023,2023-06-26,Lagos,Garkii,D72,P461,38.65,90,10978.16,10978.2,Cash,3.0,Neutral
T1708,07-09-2023,2023-07-09,"Port Harcourt",Garki,D71,P21,39.33,12,12336.05,12336,Cash,5.0,"Very Satisfied"
T1709,2023-06-13,2023-06-13,"Port Harcourt",VI,D66,P72,53.8,90,14437.9,14437.9,Cash,1.0,"Very Unsatisfied"
T1710,17/05/2023,2023-05-17,"Port Harcourt",V.I,D4,P348,14.83,90,16641.2,16641.2,Cash,3,Neutral
T1712,07-16-2023,2023-07-16,"Port Harcourt",Garki,D29,P60,10.28,90,7585.78,7585.78,Cash,3.0,Neutral
T1713,23/03/2023,2023-03-23,Kano,Garkii,D155,P158,16.02,28,10475.41,10475.4,Cash,5.0,"Very Satisfied"
T1715,09-13-2023,2023-09-13,"Port Harcourt",Garkii,D152,P206,21.74,124,3346.68,3346.68,Transfer,1.0,"Very Unsatisfied"
T1716,07/06/2023,2023-07-06,"Port Harcourt",Garki,D190,P317,28.45,116,16591.96,16592,Card,5.0,"Very Satisfied"
T1717,,2025-08-26,Lagos,Garki,D39,P431,26.14,54,2679.78,2679.78,Cash,1.0,"Very Unsatisfied"
T1718,16/09/2023,2023-09-16,Lagos,Ikeja,D169,P113,25.13,90,8551.41,8551.41,Card,3,Neutral
T1719,04-21-2023,2023-04-21,Kano,Maitama,D115,P229,19.7,180,18303,18303,Cash,3,Neutral
T1720,26/01/2023,2023-01-26,Abuja,V.I,D95,P183,11.59,90,4596.66,4596.66,Transfer,3,Neutral
T1721,12-01-2023,2023-12-01,"Port Harcourt",Leky,D45,P48,39.08,154,31922.8,31922.8,Cash,2.0,Unsatisfied
T1722,2023-10-02,2023-10-02,Abuja,Ajah,D67,P168,5.86,90,14327.12,14327.1,"Not Specified",4.0,Satisfied
T1723,2023-08-09,2023-08-09,"Port Harcourt",Ikeja,D180,P29,31.25,129,15261.12,15261.1,"Not Specified",1.0,"Very Unsatisfied"
T1724,07/07/2023,2023-07-07,Abuja,Ikeja,D61,P312,47.37,119,13939.29,13939.3,Transfer,1.0,"Very Unsatisfied"
T1725,2023-07-25,2023-07-25,Lagos,V.I,D125,P329,6.81,157,9282.34,9282.34,"Not Specified",2.0,Unsatisfied
T1726,10/04/2023,2023-10-04,"Port Harcourt",V.I,D47,P100,0.93,90,5868.33,5868.33,Transfer,2.0,Unsatisfied
T1728,09/10/2023,2023-09-10,Lagos,Leky,D9,P270,44.97,90,4809.92,4809.92,Cash,5.0,"Very Satisfied"
T1729,11-16-2023,2023-11-16,Ibadan,Garki,D88,P114,50.88,150,7573.12,7573.12,Card,2.0,Unsatisfied
T1730,2023-03-07,2023-03-07,"Port Harcourt",Leky,D22,P401,36.64,90,18923.44,18923.4,"Not Specified",3,Neutral
T1731,06-23-2023,2023-06-23,"Port Harcourt",Leky,D38,P480,51.44,90,12860.94,12860.9,Cash,2.0,Unsatisfied
T1732,2023-03-15,2023-03-15,"Port Harcourt",Ajah,D153,P393,33.04,13,9077.32,9077.32,Card,1.0,"Very Unsatisfied"
T1733,07-25-2023,2023-07-25,"Port Harcourt",Lekki,D40,P143,46.43,155,15002.8,15002.8,Cash,3.0,Neutral
T1734,,2025-08-26,"Port Harcourt",Maitama,D127,P101,21.45,80,3357.26,3357.26,Transfer,3.0,Neutral
T1735,,2025-08-26,Ibadan,"Victoria Island",D193,P12,56.8,90,7992.42,7992.42,Card,3.0,Neutral
T1736,08-31-2023,2023-08-31,Lagos,Leky,D106,P43,45.71,90,1046.09,1046.09,Transfer,1.0,"Very Unsatisfied"
T1737,11-07-2023,2023-11-07,Abuja,Ajah,D198,P276,96.38,87,6407.65,6407.65,Card,4.0,Satisfied
T1738,10/11/2023,2023-10-11,Lagos,VI,D99,P435,14.43,52,5558.71,5558.71,Card,3.0,Neutral
T1739,11-12-2023,2023-11-12,Lagos,Ajah,D61,P229,13.38,90,15036.42,15036.4,Card,1.0,"Very Unsatisfied"
T1740,31/10/2023,2023-10-31,"Not Specified","Victoria Island",D170,P347,35.63,60,8413.97,8413.97,Transfer,4.0,Satisfied
T1741,09-18-2023,2023-09-18,Kano,VI,D113,P344,28.66,90,3823,3823,Transfer,4.0,Satisfied
T1742,16/10/2023,2023-10-16,"Port Harcourt",Lekki,D186,P491,21.1,90,3539.6,3539.6,Transfer,5.0,"Very Satisfied"
T1744,26/02/2023,2023-02-26,"Port Harcourt",Garki,D43,P500,42.18,7,17375.47,17375.5,Card,5.0,"Very Satisfied"
T1745,12-19-2023,2023-12-19,Kano,Leky,D54,P263,27.55,59,3797.86,3797.86,Cash,4.0,Satisfied
T1746,,2025-08-26,Kano,"Victoria Island",D148,P202,23.11,150,3920.05,3920.05,Cash,3,Neutral
T1747,12-02-2023,2023-12-02,"Port Harcourt",Ikeja,D188,P100,8.57,90,777.54,777.54,Transfer,4.0,Satisfied
T1748,01-27-2023,2023-01-27,Abuja,Ikeja,D89,P252,1.57,103,7176.16,7176.16,Cash,3,Neutral
T1749,09-26-2023,2023-09-26,"Port Harcourt",Lekki,D14,P163,50.22,90,4874.04,4874.04,Card,2.0,Unsatisfied
T1750,2023-07-14,2023-07-14,Abuja,Garki,D165,P309,25.73,90,15671.28,15671.3,Transfer,5.0,"Very Satisfied"
T1751,2023-05-05,2023-05-05,Abuja,Ajah,D68,P310,24.8,31,13174.93,13174.9,Card,1.0,"Very Unsatisfied"
T1752,2023-12-25,2023-12-25,Ibadan,"Victoria Island",D194,P262,32.72,90,9456.77,9456.77,Cash,2.0,Unsatisfied
T1753,14/08/2023,2023-08-14,Kano,Maitama,D30,P484,2.37,151,18172.89,18172.9,"Not Specified",4.0,Satisfied
T1754,07-31-2023,2023-07-31,Lagos,Lekki,D14,P29,55.41,179,16992.05,16992.1,"Not Specified",2.0,Unsatisfied
T1755,09-14-2023,2023-09-14,"Port Harcourt",Leky,D43,P466,57.21,86,10720.31,10720.3,Transfer,1.0,"Very Unsatisfied"
T1756,02-01-2023,2023-02-01,Lagos,Ikeja,D119,P342,38.16,90,4449.33,4449.33,"Not Specified",3.0,Neutral
T1757,04-17-2023,2023-04-17,Kano,Maitama,D103,P185,36.86,17,8270.58,8270.58,Cash,2.0,Unsatisfied
T1758,06/12/2023,2023-06-12,Ibadan,VI,D122,P204,58.83,90,16140.51,16140.5,Transfer,2.0,Unsatisfied
T1759,2023-06-10,2023-06-10,Kano,VI,D78,P76,24.05,75,19252.3,19252.3,Card,1.0,"Very Unsatisfied"
T1760,30/09/2023,2023-09-30,Abuja,Lekki,D122,P367,12.11,90,10985.72,10985.7,Card,3,Neutral
T1762,21/12/2023,2023-12-21,"Port Harcourt",Garki,D193,P219,53.79,158,5335.45,5335.45,Card,5.0,"Very Satisfied"
T1764,2023-06-02,2023-06-02,"Port Harcourt",Garki,D60,P198,49.76,90,13190.74,13190.7,Transfer,1.0,"Very Unsatisfied"
T1765,02/06/2023,2023-02-06,Abuja,Garki,D98,P191,2.58,90,13947.93,13947.9,Transfer,3,Neutral
T1766,12-20-2023,2023-12-20,Kano,Garkii,D175,P7,54.77,90,1284.54,1284.54,Transfer,3,Neutral
T1767,03/09/2023,2023-03-09,Lagos,Garkii,D181,P146,13.15,123,11263.53,11263.5,Cash,2.0,Unsatisfied
T1768,21/05/2023,2023-05-21,Kano,Maitama,D100,P177,31.94,38,9095.72,9095.72,Card,4.0,Satisfied
T1769,12-13-2023,2023-12-13,Kano,Garkii,D122,P180,22.75,90,3084.7,3084.7,Cash,1.0,"Very Unsatisfied"
T1771,16/03/2023,2023-03-16,Lagos,Ajah,D38,P229,59.39,22,15352.77,15352.8,Card,2.0,Unsatisfied
T1772,,2025-08-26,Lagos,"Victoria Island",D136,P448,25.69,29,2416.27,2416.27,Card,2.0,Unsatisfied
T1773,10/02/2023,2023-10-02,Kano,Lekki,D112,P288,23.95,82,1496.11,1496.11,Transfer,2.0,Unsatisfied
T1774,02/12/2023,2023-02-12,Kano,V.I,D4,P45,13.18,86,1924.56,1924.56,Transfer,2.0,Unsatisfied
T1775,2023-04-20,2023-04-20,Lagos,Ajah,D74,P111,19.28,90,9117.01,9117.01,Cash,5.0,"Very Satisfied"
T1776,05-19-2023,2023-05-19,Abuja,Garkii,D115,P373,40.22,147,2447.58,2447.58,Transfer,3.0,Neutral
T1777,2023-03-12,2023-03-12,"Port Harcourt",Lekki,D98,P455,34.93,90,12166.73,12166.7,Card,3.0,Neutral
T1778,2023-10-28,2023-10-28,Lagos,Maitama,D174,P228,12.98,105,687.25,687.25,Cash,4.0,Satisfied
T1779,12-09-2023,2023-12-09,Lagos,"Victoria Island",D81,P380,28.08,121,18147.28,18147.3,Card,3,Neutral
T1780,2023-04-30,2023-04-30,"Port Harcourt",Lekki,D136,P213,59.47,90,9131.52,9131.52,Card,3,Neutral
T1781,06-19-2023,2023-06-19,Lagos,Maitama,D175,P412,49.65,90,11984.28,11984.3,Transfer,4.0,Satisfied
T1782,2023-12-15,2023-12-15,Kano,Garki,D11,P227,15.56,90,15233.09,15233.1,Card,1.0,"Very Unsatisfied"
T1783,,2025-08-26,Abuja,Ajah,D25,P148,34.58,90,5409.08,5409.08,Cash,5.0,"Very Satisfied"
T1784,22/03/2023,2023-03-22,"Port Harcourt",Maitama,D137,P84,28.3,90,5779.49,5779.49,Cash,3.0,Neutral
T1786,28/05/2023,2023-05-28,Abuja,VI,D91,P373,27.92,90,6033.24,6033.24,Card,1.0,"Very Unsatisfied"
T1787,2023-01-31,2023-01-31,Kano,Lekki,D111,P497,42.99,90,5651.9,5651.9,Transfer,3,Neutral
T1788,04-29-2023,2023-04-29,Abuja,Ikeja,D157,P460,37.17,90,7152.27,7152.27,Cash,3,Neutral
T1789,2023-01-20,2023-01-20,Kano,V.I,D167,P218,11.33,18,10309.71,10309.7,Transfer,3,Neutral
T1790,2023-04-01,2023-04-01,Abuja,Maitama,D70,P374,54.1,90,2673.67,2673.67,Cash,4.0,Satisfied
T1791,23/07/2023,2023-07-23,Abuja,Leky,D86,P459,28.01,17,4052.52,4052.52,Card,5.0,"Very Satisfied"
T1793,,2025-08-26,Lagos,Lekki,D69,P72,24.22,89,3681.05,3681.05,"Not Specified",1.0,"Very Unsatisfied"
T1796,03-10-2023,2023-03-10,Kano,Garki,D168,P307,18.22,90,11002.51,11002.5,Card,1.0,"Very Unsatisfied"
T1797,2023-04-09,2023-04-09,Ibadan,V.I,D150,P45,42.18,90,15686.44,15686.4,Cash,2.0,Unsatisfied
T1798,08-23-2023,2023-08-23,"Port Harcourt",Garkii,D101,P74,13.82,154,4657.72,4657.72,"Not Specified",2.0,Unsatisfied
T1799,2023-04-06,2023-04-06,Abuja,Ikeja,D119,P107,59.55,168,6740.31,6740.31,Card,5.0,"Very Satisfied"
T1800,06-01-2023,2023-06-01,Abuja,Leky,D198,P156,59.72,90,2506.88,2506.88,Transfer,4.0,Satisfied
T1802,24/11/2023,2023-11-24,"Not Specified",Ajah,D192,P445,10.73,152,3514.65,3514.65,Cash,3.0,Neutral
T1803,21/09/2023,2023-09-21,Abuja,Garkii,D62,P269,3.63,174,15444.75,15444.8,Cash,3,Neutral
T1805,13/03/2023,2023-03-13,Abuja,"Victoria Island",D173,P34,23.49,90,3564.09,3564.09,Card,5.0,"Very Satisfied"
T1806,2023-05-08,2023-05-08,"Port Harcourt",Garki,D151,P478,51.49,28,19632.51,19632.5,Card,3.0,Neutral
T1807,01/05/2023,2023-01-05,Ibadan,Garkii,D198,P492,1.63,90,15880.6,15880.6,Card,5.0,"Very Satisfied"
T1808,18/06/2023,2023-06-18,Ibadan,VI,D50,P303,55.11,90,5752.97,5752.97,Card,2.0,Unsatisfied
T1809,2023-10-21,2023-10-21,"Port Harcourt",Garkii,D134,P388,45.17,90,9703.64,9703.64,Transfer,4.0,Satisfied
T1810,07-04-2023,2023-07-04,Lagos,Lekki,D87,P193,5.03,90,6420.55,6420.55,Transfer,2.0,Unsatisfied
T1811,2023-12-08,2023-12-08,"Port Harcourt",Lekki,D174,P46,15.3,90,7007.58,7007.58,Cash,2.0,Unsatisfied
T1812,23/03/2023,2023-03-23,Abuja,Garki,D177,P4,9.28,90,15031.67,15031.7,Transfer,5.0,"Very Satisfied"
T1813,27/12/2023,2023-12-27,"Port Harcourt",Garkii,D47,P210,50.65,90,8793.31,8793.31,Card,1.0,"Very Unsatisfied"
T1814,24/11/2023,2023-11-24,"Port Harcourt",Maitama,D81,P328,2.07,124,8633.91,8633.91,Transfer,3,Neutral
T1815,2023-04-24,2023-04-24,Lagos,Leky,D141,P469,18.35,53,8379.58,8379.58,"Not Specified",3,Neutral
T1816,2023-09-02,2023-09-02,Lagos,VI,D3,P140,24.06,31,7395.43,7395.43,Transfer,5.0,"Very Satisfied"
T1818,09/10/2023,2023-09-10,Lagos,"Victoria Island",D3,P90,27,84,879.85,879.85,Card,3.0,Neutral
T1819,2023-12-07,2023-12-07,"Not Specified",Lekki,D18,P285,43.15,90,4567.88,4567.88,Transfer,5.0,"Very Satisfied"
T1820,12-15-2023,2023-12-15,"Port Harcourt",Leky,D4,P237,32.41,90,6248.54,6248.54,Transfer,3.0,Neutral
T1821,02-11-2023,2023-02-11,Abuja,Leky,D106,P364,3.82,90,6775.99,6775.99,Transfer,5.0,"Very Satisfied"
T1822,27/12/2023,2023-12-27,Lagos,Leky,D26,P291,31.85,98,6850.86,6850.86,Cash,4.0,Satisfied
T1823,2023-10-16,2023-10-16,"Port Harcourt",Maitama,D135,P387,39.94,90,4389.32,4389.32,Transfer,2.0,Unsatisfied
T1824,10-08-2023,2023-10-08,"Port Harcourt",Garki,D27,P469,41.73,90,10307.4,10307.4,Cash,2.0,Unsatisfied
T1825,2023-10-02,2023-10-02,Ibadan,Garkii,D176,P71,36.29,22,2583.27,2583.27,Cash,5.0,"Very Satisfied"
T1826,24/09/2023,2023-09-24,"Port Harcourt",Maitama,D115,P103,53.5,90,6846.92,6846.92,"Not Specified",3.0,Neutral
T1827,04-16-2023,2023-04-16,Kano,Lekki,D90,P96,23.1,180,14564.65,14564.7,Cash,3.0,Neutral
T1828,02-16-2023,2023-02-16,"Port Harcourt",Maitama,D57,P427,6.39,90,19437.1,19437.1,Cash,2.0,Unsatisfied
T1830,01/08/2023,2023-01-08,Abuja,Lekki,D73,P149,12.34,90,14276.53,14276.5,"Not Specified",3.0,Neutral
T1831,14/10/2023,2023-10-14,Kano,Garkii,D65,P284,14.01,90,19745.12,19745.1,Card,4.0,Satisfied
T1832,06-07-2023,2023-06-07,"Port Harcourt",Maitama,D50,P252,48.02,90,1656.68,1656.68,"Not Specified",1.0,"Very Unsatisfied"
T1834,01-02-2023,2023-01-02,Kano,"Victoria Island",D7,P422,25.53,126,18510.32,18510.3,Cash,3.0,Neutral
T1835,2023-02-07,2023-02-07,Kano,Leky,D159,P424,20.3,95,3118.55,3118.55,Transfer,4.0,Satisfied
T1836,2023-12-25,2023-12-25,Kano,V.I,D24,P155,12.18,90,6828.64,6828.64,Card,1.0,"Very Unsatisfied"
T1837,2023-01-31,2023-01-31,"Port Harcourt","Victoria Island",D15,P428,32.96,95,8568.66,8568.66,Cash,4.0,Satisfied
T1838,2023-08-30,2023-08-30,Ibadan,Ikeja,D153,P300,8.13,90,3433.18,3433.18,Transfer,5.0,"Very Satisfied"
T1839,2023-04-03,2023-04-03,"Port Harcourt",V.I,D169,P156,22.04,106,4399.89,4399.89,Transfer,3,Neutral
T1841,15/07/2023,2023-07-15,Abuja,Ajah,D154,P287,23.96,18,13383.47,13383.5,Cash,5.0,"Very Satisfied"
T1842,13/07/2023,2023-07-13,Lagos,Garki,D164,P379,4.89,74,16437.54,16437.5,Transfer,4.0,Satisfied
T1843,12-05-2023,2023-12-05,Kano,V.I,D32,P238,39.35,90,3239.12,3239.12,"Not Specified",2.0,Unsatisfied
T1844,2023-06-28,2023-06-28,Abuja,Garki,D182,P115,4.97,171,17479.14,17479.1,Cash,2.0,Unsatisfied
T1845,03/10/2023,2023-03-10,Lagos,Ajah,D31,P14,18.79,90,14911.64,14911.6,Card,1.0,"Very Unsatisfied"
T1846,2023-04-25,2023-04-25,Lagos,"Victoria Island",D23,P406,59,90,7543.98,7543.98,Transfer,1.0,"Very Unsatisfied"
T1847,02/06/2023,2023-02-06,"Port Harcourt",V.I,D155,P2,32.63,90,15071.83,15071.8,Transfer,4.0,Satisfied
T1848,06/10/2023,2023-06-10,Ibadan,Maitama,D34,P79,51.18,157,6764.71,6764.71,Card,1.0,"Very Unsatisfied"
T1849,2023-04-28,2023-04-28,Abuja,Ajah,D97,P135,57.58,140,7562.97,7562.97,Cash,3,Neutral
T1850,21/03/2023,2023-03-21,Kano,Leky,D169,P154,58.9,137,19443.05,19443.1,Transfer,2.0,Unsatisfied
T1851,2023-02-27,2023-02-27,Ibadan,VI,D196,P490,41,90,12270.53,12270.5,Cash,2.0,Unsatisfied
T1852,08-03-2023,2023-08-03,"Port Harcourt",Garkii,D166,P328,41.93,90,3235.26,3235.26,Cash,5.0,"Very Satisfied"
T1853,2023-01-09,2023-01-09,Kano,"Victoria Island",D145,P428,38.49,90,8832.95,8832.95,Card,3,Neutral
T1854,02-21-2023,2023-02-21,Abuja,Garki,D48,P326,19.76,90,16062.89,16062.9,"Not Specified",3,Neutral
T1855,,2025-08-26,Lagos,"Victoria Island",D29,P242,29.45,14,1675.58,1675.58,Cash,3.0,Neutral
T1856,2023-12-27,2023-12-27,Lagos,Ajah,D179,P64,36.9,90,7782.75,7782.75,Cash,3,Neutral
T1857,23/01/2023,2023-01-23,Kano,Garkii,D48,P335,23.56,90,19915.26,19915.3,Card,3,Neutral
T1858,2023-10-04,2023-10-04,Kano,Garki,D65,P341,14.71,90,17525.08,17525.1,Card,2.0,Unsatisfied
T1859,2023-01-29,2023-01-29,Lagos,"Victoria Island",D76,P458,59.31,163,11006.78,11006.8,Transfer,5.0,"Very Satisfied"
T1860,2023-05-29,2023-05-29,"Port Harcourt",Maitama,D120,P148,37.36,105,7008.18,7008.18,Card,3.0,Neutral
T1861,22/10/2023,2023-10-22,"Port Harcourt",Garkii,D170,P214,19.22,90,3315.4,3315.4,Transfer,3.0,Neutral
T1862,11/12/2023,2023-11-12,"Port Harcourt","Victoria Island",D20,P92,45.68,73,15721.47,15721.5,Transfer,4.0,Satisfied
T1863,03-15-2023,2023-03-15,Kano,V.I,D164,P252,4.54,90,16072.52,16072.5,Transfer,1.0,"Very Unsatisfied"
T1864,31/07/2023,2023-07-31,Kano,"Victoria Island",D117,P465,18.5,57,2210.74,2210.74,Transfer,3,Neutral
T1865,10-13-2023,2023-10-13,Ibadan,Ajah,D71,P353,13.06,168,12395.61,12395.6,Transfer,3,Neutral
T1867,12/10/2023,2023-12-10,Abuja,Leky,D110,P126,27.18,90,8903.46,8903.46,Transfer,5.0,"Very Satisfied"
T1868,,2025-08-26,Lagos,Ikeja,D178,P15,8.92,52,9300.13,9300.13,Card,3.0,Neutral
T1869,11-26-2023,2023-11-26,Kano,Garkii,D171,P62,47.43,90,14909.26,14909.3,Transfer,2.0,Unsatisfied
T1871,2023-07-29,2023-07-29,"Port Harcourt",Ikeja,D198,P142,18.02,90,7126.29,7126.29,"Not Specified",1.0,"Very Unsatisfied"
T1873,26/04/2023,2023-04-26,"Port Harcourt",Leky,D66,P497,13.14,90,8931.74,8931.74,Transfer,1.0,"Very Unsatisfied"
T1874,15/03/2023,2023-03-15,"Port Harcourt","Victoria Island",D42,P35,137.24,90,28524.26,28524.3,Cash,2.0,Unsatisfied
T1875,15/10/2023,2023-10-15,Lagos,Lekki,D200,P307,42.08,175,8103.98,8103.98,"Not Specified",2.0,Unsatisfied
T1876,10-13-2023,2023-10-13,"Port Harcourt",Leky,D19,P382,52.49,114,15780.41,15780.4,Cash,3.0,Neutral
T1877,05/05/2023,2023-05-05,Ibadan,V.I,D71,P186,11.83,90,4846.35,4846.35,Cash,2.0,Unsatisfied
T1878,2023-11-28,2023-11-28,Lagos,V.I,D199,P298,4.81,90,6869.08,6869.08,"Not Specified",4.0,Satisfied
T1879,2023-07-09,2023-07-09,"Port Harcourt",Maitama,D16,P247,57.27,90,13475.34,13475.3,Card,3,Neutral
T1880,2023-04-08,2023-04-08,Lagos,VI,D98,P290,148.76,157,11701.55,11701.5,Cash,4.0,Satisfied
T1881,12-11-2023,2023-12-11,"Port Harcourt",Maitama,D100,P224,11.25,90,17666.08,17666.1,Card,3,Neutral
T1882,2023-02-07,2023-02-07,Lagos,"Victoria Island",D86,P445,47.92,90,3475.79,3475.79,"Not Specified",3.0,Neutral
T1883,10-28-2023,2023-10-28,Lagos,Garki,D16,P133,30.94,90,4519.81,4519.81,Cash,4.0,Satisfied
T1884,22/04/2023,2023-04-22,"Port Harcourt",Ikeja,D67,P322,28.56,90,1011.38,1011.38,Card,4.0,Satisfied
T1885,20/06/2023,2023-06-20,Ibadan,"Victoria Island",D68,P352,12.65,150,16971.62,16971.6,Card,5.0,"Very Satisfied"
T1886,2023-01-08,2023-01-08,Ibadan,"Victoria Island",D46,P244,36.75,90,11031.49,11031.5,Card,2.0,Unsatisfied
T1887,03-02-2023,2023-03-02,Kano,Lekki,D113,P499,35.01,90,6885.49,6885.49,Cash,4.0,Satisfied
T1888,2023-09-03,2023-09-03,Abuja,Ajah,D18,P356,12.88,30,4987.03,4987.03,Cash,4.0,Satisfied
T1889,2023-12-27,2023-12-27,Abuja,Ajah,D126,P419,29.39,90,6407.13,6407.13,Cash,5.0,"Very Satisfied"
T1890,05-03-2023,2023-05-03,Abuja,Maitama,D52,P62,22.22,130,5786.02,5786.02,Cash,5.0,"Very Satisfied"
T1891,25/05/2023,2023-05-25,Kano,Ajah,D157,P192,28.77,144,4736.1,4736.1,Cash,3.0,Neutral
T1892,29/11/2023,2023-11-29,Lagos,Ajah,D101,P263,36.95,174,3177.59,3177.59,Card,3,Neutral
T1893,07-04-2023,2023-07-04,Lagos,Ajah,D46,P376,10.2,69,9073,9073,Cash,2.0,Unsatisfied
T1894,2023-08-27,2023-08-27,"Port Harcourt",Garki,D166,P295,29.44,90,7814.72,7814.72,"Not Specified",1.0,"Very Unsatisfied"
T1895,29/08/2023,2023-08-29,Lagos,Ajah,D126,P9,26.22,95,15006.88,15006.9,Cash,5.0,"Very Satisfied"
T1897,2023-10-16,2023-10-16,Kano,Garki,D37,P133,10.02,33,8283.97,8283.97,Cash,1.0,"Very Unsatisfied"
T1898,09/01/2023,2023-09-01,Ibadan,Lekki,D139,P84,16.18,90,7919.85,7919.85,"Not Specified",1.0,"Very Unsatisfied"
T1899,10-27-2023,2023-10-27,"Port Harcourt",Leky,D197,P298,27.76,42,2310.61,2310.61,Transfer,5.0,"Very Satisfied"
T1900,2023-06-01,2023-06-01,Kano,Ikeja,D111,P30,36.76,90,18309.02,18309,"Not Specified",1.0,"Very Unsatisfied"
T1902,06/05/2023,2023-06-05,Abuja,"Victoria Island",D158,P164,55.05,90,2846.99,2846.99,Card,3.0,Neutral
T1904,09-08-2023,2023-09-08,"Port Harcourt",Ajah,D28,P450,30,90,6679.15,6679.15,Card,3.0,Neutral
T1905,09/09/2023,2023-09-09,Kano,VI,D114,P355,56.48,90,19710.47,19710.5,Transfer,4.0,Satisfied
T1906,2023-06-30,2023-06-30,Abuja,Leky,D184,P70,23.02,90,7517.24,7517.24,Cash,4.0,Satisfied
T1907,07/10/2023,2023-07-10,Lagos,"Victoria Island",D67,P183,38.82,75,2683.85,2683.85,Transfer,3,Neutral
T1908,10-05-2023,2023-10-05,Kano,V.I,D27,P84,25.12,90,641.48,641.48,Card,5.0,"Very Satisfied"
T1910,02-08-2023,2023-02-08,Kano,VI,D19,P140,10.58,89,7416.28,7416.28,Card,1.0,"Very Unsatisfied"
T1911,,2025-08-26,"Port Harcourt","Victoria Island",D19,P185,57.47,155,16812.43,16812.4,"Not Specified",1.0,"Very Unsatisfied"
T1912,,2025-08-26,"Port Harcourt","Victoria Island",D147,P215,45.34,75,17032.26,17032.3,Cash,3.0,Neutral
T1913,2023-11-19,2023-11-19,Abuja,Garki,D187,P326,42.84,90,19994.28,19994.3,Transfer,2.0,Unsatisfied
T1916,11-23-2023,2023-11-23,Kano,V.I,D115,P183,15.3,115,14727.77,14727.8,Card,4.0,Satisfied
T1918,01-04-2023,2023-01-04,"Port Harcourt",Maitama,D128,P149,2.67,90,3958.49,3958.49,Card,3.0,Neutral
T1919,2023-01-07,2023-01-07,Abuja,V.I,D39,P150,9.73,7,25690.41,25690.4,Transfer,1.0,"Very Unsatisfied"
T1920,05-21-2023,2023-05-21,Kano,Garki,D168,P272,56.71,90,15364.61,15364.6,Transfer,3.0,Neutral
T1922,12/12/2023,2023-12-12,"Port Harcourt",Garki,D1,P480,40.09,138,7748.23,7748.23,Card,3,Neutral
T1923,2023-04-02,2023-04-02,Lagos,Ikeja,D10,P40,7.89,90,3570.91,3570.91,Cash,1.0,"Very Unsatisfied"
T1925,11-14-2023,2023-11-14,Kano,VI,D100,P100,35.58,90,14968.35,14968.3,Transfer,1.0,"Very Unsatisfied"
T1926,01/07/2023,2023-01-07,"Port Harcourt",Ajah,D69,P393,31.59,90,4041.49,4041.49,"Not Specified",1.0,"Very Unsatisfied"
T1927,10/02/2023,2023-10-02,Kano,VI,D39,P322,25.95,90,2633.14,2633.14,Transfer,3.0,Neutral
T1928,08-24-2023,2023-08-24,"Port Harcourt",Leky,D180,P94,15.92,60,10202.33,10202.3,Card,2.0,Unsatisfied
T1929,2023-12-23,2023-12-23,"Port Harcourt",VI,D85,P392,58.09,90,12693.59,12693.6,Transfer,3.0,Neutral
T1930,02-11-2023,2023-02-11,"Port Harcourt",Garki,D101,P49,23.58,18,5671.04,5671.04,Cash,4.0,Satisfied
T1931,2023-11-29,2023-11-29,Kano,V.I,D148,P307,25.28,90,15773.74,15773.7,Card,2.0,Unsatisfied
T1932,14/07/2023,2023-07-14,"Port Harcourt",V.I,D1,P386,43.93,115,17832,17832,Transfer,1.0,"Very Unsatisfied"
T1935,13/09/2023,2023-09-13,"Port Harcourt",V.I,D198,P166,45.15,40,3809.93,3809.93,Cash,3,Neutral
T1936,06-19-2023,2023-06-19,Abuja,Leky,D126,P447,1.38,90,7298.99,7298.99,Card,1.0,"Very Unsatisfied"
T1937,02-18-2023,2023-02-18,Lagos,V.I,D123,P162,30.01,27,8687.72,8687.72,Transfer,4.0,Satisfied
T1939,12-21-2023,2023-12-21,"Port Harcourt",Ajah,D104,P433,39.62,90,17194.74,17194.7,Cash,1.0,"Very Unsatisfied"
T1940,2023-01-24,2023-01-24,Abuja,Ajah,D187,P351,11.07,90,3120.91,3120.91,Card,1.0,"Very Unsatisfied"
T1941,05-24-2023,2023-05-24,Kano,Garkii,D200,P410,42.54,13,12918.68,12918.7,Card,1.0,"Very Unsatisfied"
T1942,2023-01-17,2023-01-17,"Port Harcourt",Garkii,D18,P155,11.74,90,9655,9655,Transfer,3,Neutral
T1943,2023-06-11,2023-06-11,Kano,Lekki,D139,P139,27.59,178,2999.87,2999.87,Card,2.0,Unsatisfied
T1944,2023-10-28,2023-10-28,Abuja,Garkii,D58,P351,11.95,113,7628.86,7628.86,Transfer,4.0,Satisfied
T1945,31/12/2023,2023-12-31,"Port Harcourt",Ikeja,D1,P358,23.32,30,14468.15,14468.2,Transfer,5.0,"Very Satisfied"
T1946,2023-06-03,2023-06-03,Kano,VI,D99,P353,54.23,82,15100.02,15100,Transfer,3,Neutral
T1947,18/10/2023,2023-10-18,"Not Specified",VI,D177,P186,37.98,49,4327.6,4327.6,Cash,5.0,"Very Satisfied"
T1948,04/10/2023,2023-04-10,Lagos,Lekki,D200,P50,52.23,178,3031.25,3031.25,Cash,3.0,Neutral
T1949,03-13-2023,2023-03-13,Abuja,Garki,D124,P274,18.29,90,4898.26,4898.26,"Not Specified",3.0,Neutral
T1951,2023-01-28,2023-01-28,Lagos,Garkii,D146,P181,35.55,90,12492.78,12492.8,Cash,3,Neutral
T1952,08/02/2023,2023-08-02,Abuja,V.I,D138,P422,40.7,90,5388.08,5388.08,"Not Specified",5.0,"Very Satisfied"
T1953,11-11-2023,2023-11-11,Kano,Lekki,D92,P74,4.6,82,6371.61,6371.61,Card,4.0,Satisfied
T1954,2023-06-17,2023-06-17,"Port Harcourt",Garkii,D86,P7,1.43,26,9511.91,9511.91,Card,1.0,"Very Unsatisfied"
T1955,19/08/2023,2023-08-19,Lagos,V.I,D175,P71,59.27,150,10579.63,10579.6,Card,3,Neutral
T1956,11/10/2023,2023-11-10,Abuja,Garkii,D78,P266,75.96,90,5701.15,5701.15,Transfer,3,Neutral
T1957,12-15-2023,2023-12-15,Abuja,Lekki,D103,P145,31.68,101,6894.91,6894.91,Card,2.0,Unsatisfied
T1958,02-13-2023,2023-02-13,"Port Harcourt",Garki,D15,P191,16.68,90,3331.81,3331.81,Card,2.0,Unsatisfied
T1959,05-07-2023,2023-05-07,Lagos,Maitama,D162,P399,45.66,139,17089.59,17089.6,Card,1.0,"Very Unsatisfied"
T1960,2023-05-18,2023-05-18,"Port Harcourt",VI,D166,P249,20.86,85,16095.54,16095.5,Card,4.0,Satisfied
T1961,2023-11-21,2023-11-21,Ibadan,V.I,D24,P211,21.24,124,15986.8,15986.8,Transfer,3,Neutral
T1962,12/06/2023,2023-12-06,Abuja,Maitama,D94,P175,15.14,114,779.27,779.27,Cash,4.0,Satisfied
T1963,03/01/2023,2023-03-01,Abuja,Maitama,D137,P472,24.51,112,16789.89,16789.9,Cash,1.0,"Very Unsatisfied"
T1964,2023-05-19,2023-05-19,"Port Harcourt",VI,D88,P467,58.54,90,8236.89,8236.89,Transfer,1.0,"Very Unsatisfied"
T1967,2023-01-14,2023-01-14,Lagos,Maitama,D195,P112,53.39,40,8410.31,8410.31,Card,4.0,Satisfied
T1968,02-17-2023,2023-02-17,Kano,Ajah,D197,P80,36.51,67,9337.28,9337.28,Card,4.0,Satisfied
T1969,16/06/2023,2023-06-16,Lagos,Lekki,D75,P258,17.49,37,9077.33,9077.33,Cash,2.0,Unsatisfied
T1970,,2025-08-26,Lagos,Garkii,D166,P114,49.09,18,13281.48,13281.5,Card,1.0,"Very Unsatisfied"
T1971,02-13-2023,2023-02-13,"Port Harcourt","Victoria Island",D52,P426,37.48,37,7078.33,7078.33,Transfer,5.0,"Very Satisfied"
T1972,05-05-2023,2023-05-05,Kano,VI,D46,P97,29.04,90,4133.23,4133.23,Card,1.0,"Very Unsatisfied"
T1973,17/12/2023,2023-12-17,Abuja,VI,D142,P408,12.09,123,17503.44,17503.4,Transfer,3,Neutral
T1974,18/05/2023,2023-05-18,Lagos,Ikeja,D11,P460,57.5,90,9398.16,9398.16,Transfer,1.0,"Very Unsatisfied"
T1976,22/05/2023,2023-05-22,Abuja,Ikeja,D170,P315,3.7,90,15748.11,15748.1,Cash,3,Neutral
T1977,09/02/2023,2023-09-02,"Port Harcourt","Victoria Island",D49,P354,20.21,90,995.57,995.57,Card,3.0,Neutral
T1978,05-07-2023,2023-05-07,Kano,Ajah,D77,P426,36.8,79,2344.38,2344.38,Cash,3,Neutral
T1979,11-01-2023,2023-11-01,"Port Harcourt",Garkii,D179,P488,37.14,90,16686.52,16686.5,Transfer,4.0,Satisfied
T1981,22/07/2023,2023-07-22,"Not Specified",V.I,D28,P434,51.57,90,7278.67,7278.67,Cash,3.0,Neutral
T1982,14/07/2023,2023-07-14,"Port Harcourt",V.I,D162,P273,44.32,148,11289.32,11289.3,Cash,1.0,"Very Unsatisfied"
T1983,08-09-2023,2023-08-09,Lagos,Leky,D177,P365,12.51,90,19342.7,19342.7,Cash,3,Neutral
T1984,11/03/2023,2023-11-03,"Port Harcourt",VI,D92,P283,31.68,90,4060.94,4060.94,Card,3.0,Neutral
T1985,2023-12-22,2023-12-22,Kano,Lekki,D125,P360,51.55,82,17769.67,17769.7,Cash,2.0,Unsatisfied
T1986,01/04/2023,2023-01-04,Lagos,"Victoria Island",D22,P388,8.54,6,3263.31,3263.31,"Not Specified",2.0,Unsatisfied
T1987,05-30-2023,2023-05-30,Lagos,VI,D162,P411,18.78,90,15630.27,15630.3,Cash,3,Neutral
T1988,09-09-2023,2023-09-09,Abuja,Ajah,D113,P59,33.38,90,15019.62,15019.6,"Not Specified",4.0,Satisfied
T1989,16/06/2023,2023-06-16,Abuja,Garki,D189,P214,10.92,90,15708.79,15708.8,Card,1.0,"Very Unsatisfied"
T1990,21/07/2023,2023-07-21,Abuja,VI,D49,P236,7.83,90,10845.95,10846,Cash,3,Neutral
T1992,2023-10-07,2023-10-07,Abuja,Maitama,D10,P40,45.44,90,18969.69,18969.7,Card,5.0,"Very Satisfied"
T1993,2023-10-09,2023-10-09,"Port Harcourt",Leky,D50,P60,6.28,31,7802.21,7802.21,"Not Specified",4.0,Satisfied
T1994,08-25-2023,2023-08-25,"Port Harcourt","Victoria Island",D7,P420,43.23,11,3729.89,3729.89,Transfer,5.0,"Very Satisfied"
T1995,05-30-2023,2023-05-30,Lagos,Ikeja,D185,P68,55.81,90,12554.59,12554.6,Cash,3,Neutral
T1996,07-29-2023,2023-07-29,Ibadan,Ikeja,D152,P473,46.21,36,15146.53,15146.5,Card,4.0,Satisfied
T1997,21/11/2023,2023-11-21,Kano,Ikeja,D62,P9,16.2,108,18872.74,18872.7,Card,2.0,Unsatisfied
T1998,2023-12-04,2023-12-04,Abuja,VI,D126,P246,53.95,90,17236.76,17236.8,Cash,3,Neutral
T1999,2023-07-13,2023-07-13,Ibadan,Leky,D100,P179,9.01,144,19201.61,19201.6,Cash,3,Neutral
T1521,2023-02-24,2023-02-24,Lagos,Ikeja,D115,P189,11.65,90,18477.43,18477.4,Card,3.0,Neutral
T1737,11-07-2023,2023-11-07,Abuja,Ajah,D198,P276,96.38,87,6407.65,6407.65,Card,4.0,Satisfied
T1740,31/10/2023,2023-10-31,"Not Specified","Victoria Island",D170,P347,35.63,60,8413.97,8413.97,Transfer,4.0,Satisfied
T1660,01-14-2023,2023-01-14,Abuja,V.I,D14,P500,57.82,90,19798.76,19798.8,Card,3,Neutral
T1411,2023-07-22,2023-07-22,"Port Harcourt",Garki,D60,P208,1.39,90,3431.81,3431.81,Card,5.0,"Very Satisfied"
T1626,09-03-2023,2023-09-03,Abuja,Ikeja,D124,P275,53.51,90,11632.45,11632.5,Card,5.0,"Very Satisfied"
T1513,22/01/2023,2023-01-22,Ibadan,Lekki,D170,P273,53.91,46,3536.23,3536.23,Cash,3,Neutral
T1859,2023-01-29,2023-01-29,Lagos,"Victoria Island",D76,P458,59.31,163,11006.78,11006.8,Transfer,5.0,"Very Satisfied"
T1811,2023-12-08,2023-12-08,"Port Harcourt",Lekki,D174,P46,15.3,90,7007.58,7007.58,Cash,2.0,Unsatisfied
T1636,17/07/2023,2023-07-17,Lagos,Garki,D188,P407,6.98,146,15749.99,15750,Transfer,2.0,Unsatisfied
T1973,17/12/2023,2023-12-17,Abuja,VI,D142,P408,12.09,123,17503.44,17503.4,Transfer,3,Neutral
T1899,10-27-2023,2023-10-27,"Port Harcourt",Leky,D197,P298,27.76,42,2310.61,2310.61,Transfer,5.0,"Very Satisfied"
T1280,25/07/2023,2023-07-25,Kano,Garkii,D129,P92,17.77,98,17833.16,17833.2,Cash,3,Neutral
T1883,10-28-2023,2023-10-28,Lagos,Garki,D16,P133,30.94,90,4519.81,4519.81,Cash,4.0,Satisfied
T1319,22/12/2023,2023-12-22,Lagos,Garki,D6,P88,6.86,133,12220.65,12220.7,Card,2.0,Unsatisfied
T1549,2023-11-27,2023-11-27,"Port Harcourt",Lekki,D29,P255,58.35,90,15433.55,15433.5,Transfer,2.0,Unsatisfied
T1174,,2025-08-26,Lagos,Leky,D12,P401,49.46,127,10151.11,10151.1,Card,5.0,"Very Satisfied"
T1527,2023-11-27,2023-11-27,"Port Harcourt",Ajah,D146,P482,4.48,90,18069.97,18070,"Not Specified",5.0,"Very Satisfied"
T1210,26/03/2023,2023-03-26,Abuja,"Victoria Island",D10,P82,12.72,90,6680.32,6680.32,Transfer,3.0,Neutral
T1235,06-04-2023,2023-06-04,"Port Harcourt",V.I,D85,P403,1.61,90,7930.25,7930.25,Transfer,5.0,"Very Satisfied"
T1986,01/04/2023,2023-01-04,Lagos,"Victoria Island",D22,P388,8.54,6,3263.31,3263.31,"Not Specified",2.0,Unsatisfied
T1902,06/05/2023,2023-06-05,Abuja,"Victoria Island",D158,P164,55.05,90,2846.99,2846.99,Card,3.0,Neutral
T1947,18/10/2023,2023-10-18,"Not Specified",VI,D177,P186,37.98,49,4327.6,4327.6,Cash,5.0,"Very Satisfied"
